account_id,account_name,industry,country,signup_date,referral_source,plan_tier,seats,is_trial,customer_status,tenure_days,tenure_months,total_subscriptions,active_subscriptions,churned_subscriptions,total_mrr,total_arr,mrr_per_seat,total_upgrades,total_downgrades,upgrade_rate,downgrade_rate,auto_renew_subscriptions,auto_renew_rate,usage_events,total_usage,total_duration_secs,total_errors,features_used,total_tickets,avg_resolution_hours,avg_first_response_minutes,avg_satisfaction,escalated_tickets,escalation_rate,total_churn_events,total_refund,reactivation_events,retention_priority_score,retention_priority,priority_reason
A-2e4581,Company_0,EdTech,US,2024-10-16,partner,Basic,9,False,Active,76,2.5,10,10,0,12603,151236,1400.3333333333333,1,0,0.1,0.0,8,0.8,55,535,152339,38,27,2.0,23.0,91.0,3.0,0.0,0.0,2.0,0.0,0.0,0,Monitor,No Major Risk Signal
A-43a9e3,Company_1,FinTech,IN,2023-08-17,other,Basic,18,False,Churned,502,16.5,8,8,0,10004,120048,555.7777777777778,3,0,0.375,0.0,6,0.75,35,355,101136,14,23,3.0,38.0,73.33333333333333,4.0,0.0,0.0,0.0,0.0,0.0,2,Priority,Long Tenure
A-0a282f,Company_2,DevTools,US,2024-08-27,organic,Basic,1,False,Active,126,4.1,15,12,3,18286,219432,18286.0,1,1,0.06666666666666667,0.06666666666666667,15,1.0,83,821,251210,48,34,3.0,43.666666666666664,63.666666666666664,4.666666666666667,0.0,0.0,2.0,62.66,0.0,0,Monitor,No Major Risk Signal
A-1f0ac7,Company_3,HealthTech,UK,2023-08-27,other,Basic,24,True,Active,492,16.2,7,7,0,9275,111300,386.4583333333333,2,0,0.2857142857142857,0.0,5,0.7142857142857143,41,382,102528,21,26,2.0,29.0,174.0,0.0,0.0,0.0,1.0,0.0,0.0,2,Priority,Long Tenure
A-ce550d,Company_4,HealthTech,US,2024-10-27,event,Enterprise,35,False,Churned,65,2.1,9,7,2,48761,585132,1393.1714285714286,2,0,0.2222222222222222,0.0,6,0.6666666666666666,58,579,215779,31,32,7.0,42.285714285714285,107.85714285714286,3.8,1.0,0.14285714285714285,1.0,0.0,0.0,4,Critical,High Revenue + Support Escalation
A-1b9609,Company_5,EdTech,IN,2023-10-12,ads,Enterprise,4,False,Active,446,14.7,11,10,1,16810,201720,4202.5,0,0,0.0,0.0,9,0.8181818181818182,47,457,140541,21,28,4.0,43.0,74.75,3.0,0.0,0.0,3.0,0.0,0.0,2,Priority,Long Tenure
A-a0ca4e,Company_6,Cybersecurity,US,2024-03-08,ads,Pro,11,False,Active,298,9.8,9,9,0,16633,199596,1512.090909090909,0,0,0.0,0.0,8,0.8888888888888888,39,373,116964,14,26,6.0,39.166666666666664,89.83333333333333,3.8,3.0,0.5,0.0,0.0,0.0,2,Priority,Support Escalation
A-e5d6ab,Company_7,EdTech,US,2023-04-15,partner,Pro,3,False,Active,626,20.6,10,9,1,13048,156576,4349.333333333333,0,0,0.0,0.0,9,0.9,41,382,111506,23,29,3.0,42.666666666666664,57.0,0.0,0.0,0.0,2.0,0.0,0.0,2,Priority,Long Tenure
A-7dacce,Company_8,Cybersecurity,CA,2024-09-10,event,Enterprise,12,False,Churned,112,3.7,10,10,0,23057,276684,1921.4166666666667,1,0,0.1,0.0,7,0.7,48,472,145429,29,27,4.0,32.5,75.25,3.6666666666666665,0.0,0.0,3.0,0.0,0.0,0,Monitor,No Major Risk Signal
A-10b8da,Company_9,DevTools,US,2023-05-08,partner,Enterprise,14,False,Churned,603,19.8,6,5,1,8787,105444,627.6428571428571,1,0,0.16666666666666666,0.0,4,0.6666666666666666,27,257,73818,14,23,3.0,31.333333333333332,71.33333333333333,3.5,0.0,0.0,0.0,0.0,0.0,2,Priority,Long Tenure
A-592832,Company_10,Cybersecurity,US,2024-09-25,organic,Basic,18,False,Churned,97,3.2,19,16,3,32571,390852,1809.5,1,1,0.05263157894736842,0.05263157894736842,15,0.7894736842105263,101,1053,326283,55,38,3.0,32.666666666666664,80.66666666666667,5.0,0.0,0.0,1.0,22.66,0.0,2,Priority,High Revenue
A-d40bf7,Company_11,FinTech,IN,2024-11-08,organic,Basic,59,False,Active,53,1.7,10,10,0,43247,518964,733.0,1,0,0.1,0.0,6,0.6,55,562,150186,22,29,2.0,20.5,125.5,5.0,0.0,0.0,0.0,0.0,0.0,2,Priority,High Revenue
A-6c093d,Company_12,DevTools,US,2023-04-14,partner,Basic,7,True,Active,627,20.6,12,9,3,16242,194904,2320.285714285714,2,0,0.16666666666666666,0.0,10,0.8333333333333334,64,670,217275,30,30,3.0,40.333333333333336,68.33333333333333,5.0,1.0,0.3333333333333333,0.0,0.0,0.0,4,Critical,Long Tenure + Support Escalation
A-462d45,Company_13,Cybersecurity,US,2024-01-15,partner,Enterprise,11,True,Active,351,11.5,12,10,2,23432,281184,2130.181818181818,1,2,0.08333333333333333,0.16666666666666666,10,0.8333333333333334,69,642,159561,26,34,4.0,26.75,95.0,4.0,0.0,0.0,1.0,0.0,0.0,2,Priority,Long Tenure
A-956988,Company_14,EdTech,UK,2024-11-30,ads,Enterprise,1,False,Active,31,1.0,13,12,1,29407,352884,29407.0,0,1,0.0,0.07692307692307693,10,0.7692307692307693,70,658,173232,49,32,2.0,50.5,118.0,3.0,0.0,0.0,2.0,0.0,1.0,2,Priority,High Revenue
A-ac14bb,Company_15,FinTech,US,2023-09-08,partner,Enterprise,21,False,Active,480,15.8,8,6,2,27746,332952,1321.2380952380952,2,0,0.25,0.0,7,0.875,54,531,170826,42,31,2.0,24.5,30.5,4.0,0.0,0.0,2.0,128.79,0.0,2,Priority,Long Tenure
A-463db0,Company_16,HealthTech,US,2024-12-05,partner,Basic,15,False,Active,26,0.9,7,7,0,13266,159192,884.4,0,0,0.0,0.0,5,0.7142857142857143,37,367,106259,13,25,6.0,50.166666666666664,94.83333333333333,4.25,1.0,0.16666666666666666,1.0,0.0,1.0,2,Priority,Support Escalation
A-ce66f8,Company_17,EdTech,CA,2023-08-23,event,Pro,29,False,Active,496,16.3,6,6,0,11858,142296,408.8965517241379,0,0,0.0,0.0,6,1.0,46,494,133559,19,29,6.0,41.666666666666664,79.16666666666667,3.5,0.0,0.0,0.0,0.0,0.0,2,Priority,Long Tenure
A-c4ea60,Company_18,FinTech,DE,2023-03-09,other,Enterprise,18,False,Churned,663,21.8,9,9,0,14646,175752,813.6666666666666,0,1,0.0,0.1111111111111111,7,0.7777777777777778,43,427,137244,18,28,5.0,36.0,59.0,3.6,0.0,0.0,0.0,0.0,0.0,2,Priority,Long Tenure
A-832ec2,Company_19,FinTech,UK,2023-11-19,event,Enterprise,4,True,Active,408,13.4,8,8,0,9299,111588,2324.75,3,0,0.375,0.0,3,0.375,49,511,157711,25,31,3.0,26.0,108.66666666666667,4.0,1.0,0.3333333333333333,2.0,0.0,0.0,4,Critical,Long Tenure + Support Escalation
A-684255,Company_20,FinTech,US,2024-04-14,ads,Enterprise,9,False,Active,261,8.6,14,11,3,11844,142128,1316.0,3,1,0.21428571428571427,0.07142857142857142,9,0.6428571428571429,66,653,191849,44,34,4.0,14.25,97.75,4.666666666666667,1.0,0.25,2.0,0.0,1.0,2,Priority,Support Escalation
A-c42f1f,Company_21,HealthTech,US,2024-07-28,other,Pro,8,False,Active,156,5.1,8,7,1,5175,62100,646.875,1,1,0.125,0.125,6,0.75,35,337,98383,20,24,9.0,31.333333333333332,81.88888888888889,4.0,1.0,0.1111111111111111,0.0,0.0,0.0,2,Priority,Support Escalation
A-4e44e8,Company_22,DevTools,US,2024-08-20,ads,Enterprise,3,False,Churned,133,4.4,14,12,2,36445,437340,12148.333333333334,2,0,0.14285714285714285,0.0,11,0.7857142857142857,69,687,208387,37,32,3.0,31.333333333333332,76.66666666666667,3.3333333333333335,0.0,0.0,2.0,35.48,1.0,2,Priority,High Revenue
A-30b4ca,Company_23,EdTech,IN,2024-05-20,organic,Basic,86,False,Churned,225,7.4,8,8,0,75938,911256,883.0,0,0,0.0,0.0,7,0.875,42,402,127433,22,28,3.0,57.666666666666664,108.33333333333333,4.0,0.0,0.0,1.0,0.0,0.0,2,Priority,High Revenue
A-9f2731,Company_24,FinTech,IN,2024-10-04,event,Enterprise,1,False,Active,88,2.9,7,7,0,3613,43356,3613.0,0,1,0.0,0.14285714285714285,7,1.0,32,324,98113,20,23,0.0,0.0,0.0,0.0,0.0,0.0,2.0,136.94,0.0,0,Monitor,No Major Risk Signal
A-32fb14,Company_25,DevTools,US,2023-03-07,event,Enterprise,26,False,Churned,665,21.8,9,7,2,10162,121944,390.84615384615387,2,0,0.2222222222222222,0.0,7,0.7777777777777778,47,488,150708,19,27,5.0,34.0,59.6,4.5,0.0,0.0,3.0,0.0,0.0,2,Priority,Long Tenure
A-00cac8,Company_26,HealthTech,AU,2023-09-15,organic,Enterprise,8,True,Active,473,15.5,9,9,0,14121,169452,1765.125,0,1,0.0,0.1111111111111111,8,0.8888888888888888,58,602,171366,31,30,2.0,33.0,120.5,0.0,0.0,0.0,0.0,0.0,0.0,2,Priority,Long Tenure
A-35083d,Company_27,HealthTech,IN,2023-04-28,partner,Basic,19,False,Churned,613,20.1,16,15,1,32433,389196,1707.0,3,0,0.1875,0.0,14,0.875,72,791,237055,37,29,4.0,49.75,119.0,5.0,0.0,0.0,0.0,0.0,0.0,4,Critical,High Revenue + Long Tenure
A-eb7fac,Company_28,DevTools,US,2023-10-28,organic,Enterprise,7,False,Active,430,14.1,10,9,1,42096,505152,6013.714285714285,0,0,0.0,0.0,9,0.9,53,538,185729,44,27,4.0,34.0,126.5,4.0,0.0,0.0,1.0,0.0,0.0,4,Critical,High Revenue + Long Tenure
A-b20d99,Company_29,HealthTech,IN,2023-09-27,other,Basic,20,False,Active,461,15.1,7,7,0,11069,132828,553.45,1,0,0.14285714285714285,0.0,6,0.8571428571428571,33,329,105214,12,22,2.0,61.5,27.0,3.5,0.0,0.0,1.0,0.0,0.0,2,Priority,Long Tenure
A-396e5f,Company_30,Cybersecurity,CA,2024-10-02,other,Enterprise,2,False,Active,90,3.0,10,10,0,10236,122832,5118.0,2,1,0.2,0.1,8,0.8,55,540,175427,23,29,5.0,24.8,102.8,4.0,1.0,0.2,1.0,0.0,0.0,2,Priority,Support Escalation
A-45ce7a,Company_31,FinTech,US,2023-07-23,ads,Enterprise,16,False,Active,527,17.3,7,6,1,8216,98592,513.5,2,1,0.2857142857142857,0.14285714285714285,5,0.7142857142857143,39,424,124978,30,21,5.0,45.4,91.8,3.6666666666666665,0.0,0.0,0.0,0.0,0.0,2,Priority,Long Tenure
A-08e34e,Company_32,EdTech,US,2024-06-27,event,Basic,14,False,Churned,187,6.1,11,11,0,21821,261852,1558.642857142857,0,0,0.0,0.0,7,0.6363636363636364,63,651,186929,32,34,3.0,43.0,84.0,3.0,0.0,0.0,2.0,228.75,0.0,0,Monitor,No Major Risk Signal
A-8145a0,Company_33,Cybersecurity,AU,2023-04-25,partner,Basic,2,True,Active,616,20.2,12,11,1,17260,207120,8630.0,2,0,0.16666666666666666,0.0,11,0.9166666666666666,64,693,200177,27,32,6.0,23.666666666666668,90.16666666666667,4.0,0.0,0.0,1.0,0.0,0.0,2,Priority,Long Tenure
A-bad8c1,Company_34,FinTech,AU,2023-03-01,organic,Basic,7,False,Active,671,22.0,7,7,0,7797,93564,1113.857142857143,2,0,0.2857142857142857,0.0,7,1.0,37,385,125675,11,29,1.0,27.0,49.0,4.0,0.0,0.0,1.0,0.0,1.0,2,Priority,Long Tenure
A-44dc83,Company_35,EdTech,FR,2024-05-12,other,Basic,5,False,Active,233,7.7,4,4,0,456,5472,91.2,0,0,0.0,0.0,4,1.0,24,248,81119,13,16,7.0,40.857142857142854,76.14285714285714,4.6,0.0,0.0,1.0,98.48,0.0,0,Monitor,No Major Risk Signal
A-f446b6,Company_36,DevTools,DE,2023-05-12,ads,Pro,5,True,Active,599,19.7,9,8,1,11392,136704,2278.4,0,0,0.0,0.0,7,0.7777777777777778,39,376,127515,31,27,8.0,30.75,82.5,4.25,1.0,0.125,0.0,0.0,0.0,4,Critical,Long Tenure + Support Escalation
A-a45270,Company_37,HealthTech,US,2024-06-24,ads,Enterprise,3,False,Active,190,6.2,12,11,1,20131,241572,6710.333333333333,2,1,0.16666666666666666,0.08333333333333333,9,0.75,71,733,222582,53,35,4.0,64.0,110.0,4.0,0.0,0.0,1.0,0.0,0.0,0,Monitor,No Major Risk Signal
A-854864,Company_38,FinTech,IN,2024-12-07,event,Enterprise,20,False,Active,24,0.8,6,5,1,14759,177108,737.95,0,0,0.0,0.0,5,0.8333333333333334,24,248,73517,10,17,5.0,44.2,100.8,4.8,0.0,0.0,1.0,8.47,0.0,0,Monitor,No Major Risk Signal
A-1b7577,Company_39,Cybersecurity,US,2024-10-27,other,Pro,4,False,Active,65,2.1,11,9,2,8771,105252,2192.75,0,1,0.0,0.09090909090909091,11,1.0,62,647,195598,33,33,5.0,27.2,109.4,4.0,0.0,0.0,0.0,0.0,0.0,0,Monitor,No Major Risk Signal
A-05f0e5,Company_40,FinTech,US,2023-05-04,partner,Basic,32,False,Active,607,19.9,12,12,0,51109,613308,1597.15625,2,0,0.16666666666666666,0.0,10,0.8333333333333334,67,706,207116,46,32,4.0,20.0,108.5,4.0,0.0,0.0,2.0,72.19,0.0,4,Critical,High Revenue + Long Tenure
A-9077b0,Company_41,HealthTech,US,2024-08-25,ads,Basic,2,False,Active,128,4.2,7,5,2,3565,42780,1782.5,3,0,0.42857142857142855,0.0,7,1.0,46,493,146301,31,26,3.0,40.333333333333336,136.33333333333334,4.333333333333333,0.0,0.0,0.0,0.0,0.0,0,Monitor,No Major Risk Signal
A-7f8241,Company_42,EdTech,US,2023-03-14,organic,Pro,34,False,Churned,658,21.6,15,15,0,39516,474192,1162.235294117647,2,0,0.13333333333333333,0.0,10,0.6666666666666666,77,734,227186,38,34,1.0,36.0,135.0,3.0,0.0,0.0,0.0,0.0,0.0,4,Critical,High Revenue + Long Tenure
A-2bc93d,Company_43,HealthTech,US,2023-03-14,event,Basic,14,False,Active,658,21.6,13,12,1,32394,388728,2313.8571428571427,4,0,0.3076923076923077,0.0,11,0.8461538461538461,67,666,215735,31,33,2.0,12.0,78.0,4.5,0.0,0.0,2.0,99.1,1.0,4,Critical,High Revenue + Long Tenure
A-f3ff05,Company_44,FinTech,IN,2024-07-06,other,Enterprise,2,False,Active,178,5.8,13,12,1,19465,233580,9732.5,1,0,0.07692307692307693,0.0,12,0.9230769230769231,66,672,210327,36,28,3.0,42.666666666666664,111.33333333333333,3.5,0.0,0.0,1.0,0.0,0.0,0,Monitor,No Major Risk Signal
A-2d4502,Company_45,FinTech,IN,2024-04-29,event,Basic,7,False,Active,246,8.1,10,10,0,29071,348852,4153.0,2,0,0.2,0.0,7,0.7,47,465,127997,19,29,3.0,26.333333333333332,82.0,5.0,0.0,0.0,1.0,0.0,0.0,2,Priority,High Revenue
A-6a4e2d,Company_46,EdTech,UK,2023-04-07,partner,Pro,9,False,Active,634,20.8,11,8,3,10394,124728,1154.888888888889,2,1,0.18181818181818182,0.09090909090909091,9,0.8181818181818182,59,597,172764,31,27,2.0,18.5,141.0,4.5,1.0,0.5,1.0,0.0,0.0,4,Critical,Long Tenure + Support Escalation
A-eb7c38,Company_47,DevTools,AU,2024-02-25,organic,Enterprise,5,False,Active,310,10.2,15,11,4,38210,458520,7642.0,3,1,0.2,0.06666666666666667,10,0.6666666666666666,70,693,203946,27,33,5.0,22.4,67.4,4.333333333333333,0.0,0.0,1.0,6.26,0.0,2,Priority,High Revenue
A-c37601,Company_48,EdTech,US,2024-10-31,partner,Basic,6,True,Active,61,2.0,12,10,2,20475,245700,3412.5,0,0,0.0,0.0,10,0.8333333333333334,48,489,131835,21,28,4.0,42.25,83.0,3.6666666666666665,0.0,0.0,1.0,0.0,0.0,0,Monitor,No Major Risk Signal
A-3b5cd1,Company_49,FinTech,US,2023-09-12,event,Basic,13,True,Active,476,15.6,13,13,0,23676,284112,1821.2307692307693,2,1,0.15384615384615385,0.07692307692307693,9,0.6923076923076923,52,523,177958,24,27,5.0,27.4,46.6,4.0,0.0,0.0,3.0,113.17,0.0,2,Priority,Long Tenure
A-b2225d,Company_50,FinTech,US,2024-03-08,ads,Basic,47,False,Churned,298,9.8,12,12,0,19088,229056,406.1276595744681,1,1,0.08333333333333333,0.08333333333333333,9,0.75,73,696,236693,60,34,2.0,42.0,38.0,3.0,0.0,0.0,3.0,0.0,1.0,0,Monitor,No Major Risk Signal
A-94f8c9,Company_51,HealthTech,US,2024-03-29,other,Basic,13,False,Active,277,9.1,16,15,1,31989,383868,2460.6923076923076,2,1,0.125,0.0625,14,0.875,77,746,204124,63,33,3.0,47.333333333333336,87.66666666666667,5.0,0.0,0.0,1.0,0.0,0.0,2,Priority,High Revenue
A-02fac6,Company_52,FinTech,US,2023-04-06,event,Pro,22,False,Active,635,20.9,11,11,0,26410,316920,1200.4545454545455,1,0,0.09090909090909091,0.0,9,0.8181818181818182,53,514,169854,34,32,6.0,23.333333333333332,100.5,4.0,0.0,0.0,1.0,0.0,0.0,2,Priority,Long Tenure
A-c1dfe1,Company_53,DevTools,DE,2023-08-07,ads,Pro,26,False,Active,512,16.8,8,7,1,25790,309480,991.9230769230769,1,2,0.125,0.25,5,0.625,39,375,127687,30,24,3.0,50.333333333333336,93.66666666666667,4.0,0.0,0.0,2.0,0.0,0.0,2,Priority,Long Tenure
A-32728c,Company_54,DevTools,US,2023-01-03,event,Pro,20,False,Churned,728,23.9,8,7,1,4498,53976,224.9,1,0,0.125,0.0,8,1.0,41,418,115325,22,26,2.0,34.5,61.5,3.5,0.0,0.0,3.0,7.58,1.0,2,Priority,Long Tenure
A-4c38bc,Company_55,HealthTech,UK,2024-03-09,event,Basic,36,False,Churned,297,9.8,16,14,2,48060,576720,1335.0,2,0,0.125,0.0,14,0.875,81,818,271358,27,37,3.0,48.333333333333336,43.0,3.5,0.0,0.0,0.0,0.0,0.0,2,Priority,High Revenue
A-1b707d,Company_56,Cybersecurity,US,2023-07-14,organic,Enterprise,1,False,Active,536,17.6,8,7,1,9332,111984,9332.0,1,0,0.125,0.0,5,0.625,38,399,110456,12,27,3.0,42.666666666666664,75.33333333333333,0.0,0.0,0.0,1.0,0.0,1.0,2,Priority,Long Tenure
A-6f8ad2,Company_57,EdTech,IN,2024-07-09,organic,Basic,1,False,Active,175,5.7,17,15,2,25928,311136,25928.0,2,1,0.11764705882352941,0.058823529411764705,10,0.5882352941176471,88,924,261489,59,38,4.0,35.25,37.25,4.333333333333333,0.0,0.0,0.0,0.0,0.0,0,Monitor,No Major Risk Signal
A-4d1e75,Company_58,DevTools,US,2024-08-21,other,Basic,20,False,Active,132,4.3,13,13,0,31390,376680,1569.5,3,1,0.23076923076923078,0.07692307692307693,9,0.6923076923076923,51,477,148106,25,28,2.0,15.0,98.5,4.0,0.0,0.0,1.0,0.0,0.0,2,Priority,High Revenue
A-9ee962,Company_59,HealthTech,US,2023-02-28,ads,Basic,9,False,Churned,672,22.1,9,7,2,9420,113040,1046.6666666666667,3,1,0.3333333333333333,0.1111111111111111,7,0.7777777777777778,39,439,120226,17,25,3.0,37.0,69.66666666666667,4.0,0.0,0.0,1.0,0.0,0.0,2,Priority,Long Tenure
A-378b99,Company_60,EdTech,UK,2024-09-01,ads,Pro,8,True,Active,121,4.0,12,11,1,12116,145392,1514.5,1,1,0.08333333333333333,0.08333333333333333,12,1.0,58,565,187525,38,33,6.0,28.5,78.83333333333333,4.5,0.0,0.0,1.0,0.0,0.0,0,Monitor,No Major Risk Signal
A-94d3da,Company_61,HealthTech,US,2023-05-03,other,Basic,41,False,Active,608,20.0,12,11,1,22673,272076,553.0,1,0,0.08333333333333333,0.0,8,0.6666666666666666,48,464,150051,25,29,6.0,26.833333333333332,80.5,3.5,0.0,0.0,1.0,0.0,0.0,2,Priority,Long Tenure
A-e351e1,Company_62,EdTech,US,2024-09-26,other,Enterprise,33,False,Active,96,3.2,5,4,1,3498,41976,106.0,0,0,0.0,0.0,4,0.8,29,295,102452,22,18,4.0,17.0,65.25,3.75,0.0,0.0,3.0,113.84,1.0,0,Monitor,No Major Risk Signal
A-9badbd,Company_63,Cybersecurity,DE,2024-06-19,ads,Enterprise,5,True,Active,195,6.4,13,11,2,32477,389724,6495.4,0,0,0.0,0.0,10,0.7692307692307693,70,729,220382,45,33,5.0,30.2,102.6,5.0,0.0,0.0,0.0,0.0,0.0,2,Priority,High Revenue
A-7e0a10,Company_64,FinTech,US,2023-11-18,ads,Enterprise,46,False,Active,409,13.4,10,10,0,41116,493392,893.8260869565217,1,0,0.1,0.0,7,0.7,50,511,173162,35,34,5.0,39.4,62.6,4.0,0.0,0.0,1.0,0.0,0.0,4,Critical,High Revenue + Long Tenure
A-118d55,Company_65,Cybersecurity,US,2024-10-22,organic,Basic,8,False,Active,70,2.3,12,11,1,23919,287028,2989.875,3,4,0.25,0.3333333333333333,9,0.75,60,599,168143,33,29,5.0,24.2,56.8,4.333333333333333,0.0,0.0,2.0,0.0,0.0,0,Monitor,No Major Risk Signal
A-526d93,Company_66,HealthTech,FR,2024-04-14,organic,Basic,43,False,Active,261,8.6,9,8,1,39201,470412,911.6511627906976,2,0,0.2222222222222222,0.0,5,0.5555555555555556,56,565,159213,45,28,5.0,51.4,134.6,3.5,1.0,0.2,3.0,41.17,0.0,4,Critical,High Revenue + Support Escalation
A-f92792,Company_67,FinTech,US,2024-07-04,ads,Pro,1,False,Active,180,5.9,14,14,0,18807,225684,18807.0,1,1,0.07142857142857142,0.07142857142857142,8,0.5714285714285714,53,528,149124,31,32,2.0,45.0,82.0,4.0,0.0,0.0,1.0,0.0,1.0,0,Monitor,No Major Risk Signal
A-84ebe4,Company_68,FinTech,US,2023-03-12,ads,Pro,18,True,Churned,660,21.7,11,9,2,27994,335928,1555.2222222222222,0,0,0.0,0.0,10,0.9090909090909091,42,396,123655,26,27,4.0,29.5,135.5,4.0,0.0,0.0,2.0,0.0,0.0,2,Priority,Long Tenure
A-5b4ebb,Company_69,Cybersecurity,UK,2024-07-10,other,Basic,21,True,Churned,174,5.7,13,12,1,27803,333636,1323.952380952381,1,0,0.07692307692307693,0.0,11,0.8461538461538461,70,692,196300,25,34,5.0,35.4,63.0,4.75,0.0,0.0,0.0,0.0,0.0,0,Monitor,No Major Risk Signal
A-2922b6,Company_70,HealthTech,US,2024-11-14,organic,Basic,15,False,Active,47,1.5,6,5,1,10669,128028,711.2666666666667,1,0,0.16666666666666666,0.0,5,0.8333333333333334,37,393,117237,13,27,2.0,15.5,103.0,4.0,0.0,0.0,1.0,0.0,0.0,0,Monitor,No Major Risk Signal
A-9b9fe9,Company_71,EdTech,AU,2023-09-28,other,Basic,5,False,Active,460,15.1,12,11,1,19725,236700,3945.0,0,1,0.0,0.08333333333333333,10,0.8333333333333334,58,597,196701,22,30,4.0,33.5,156.5,4.0,0.0,0.0,2.0,27.92,0.0,2,Priority,Long Tenure
A-a8b49c,Company_72,Cybersecurity,UK,2023-10-06,partner,Basic,7,False,Active,452,14.8,12,12,0,11567,138804,1652.4285714285713,1,0,0.08333333333333333,0.0,11,0.9166666666666666,54,545,183399,43,27,1.0,72.0,105.0,4.0,0.0,0.0,1.0,0.0,0.0,2,Priority,Long Tenure
A-9174e0,Company_73,Cybersecurity,US,2024-12-04,partner,Basic,37,False,Active,27,0.9,15,14,1,53976,647712,1458.8108108108108,2,0,0.13333333333333333,0.0,12,0.8,69,689,206138,61,34,2.0,39.0,167.0,5.0,0.0,0.0,0.0,0.0,0.0,2,Priority,High Revenue
A-a1bbb6,Company_74,DevTools,CA,2023-04-05,organic,Basic,1,False,Active,636,20.9,8,7,1,14402,172824,14402.0,0,0,0.0,0.0,5,0.625,37,366,118465,20,23,3.0,17.666666666666668,120.66666666666667,4.0,0.0,0.0,0.0,0.0,0.0,2,Priority,Long Tenure
A-c45b23,Company_75,FinTech,UK,2023-12-08,partner,Basic,5,False,Active,389,12.8,12,11,1,8504,102048,1700.8,0,0,0.0,0.0,9,0.75,59,581,181056,30,32,3.0,36.666666666666664,51.666666666666664,3.0,0.0,0.0,1.0,0.0,1.0,2,Priority,Long Tenure
A-02cd81,Company_76,HealthTech,IN,2024-03-28,other,Basic,44,False,Active,278,9.1,14,13,1,32956,395472,749.0,0,0,0.0,0.0,11,0.7857142857142857,72,684,219304,28,31,3.0,17.333333333333332,84.66666666666667,4.5,1.0,0.3333333333333333,1.0,0.0,0.0,4,Critical,High Revenue + Support Escalation
A-ee42db,Company_77,EdTech,DE,2023-04-25,ads,Enterprise,13,False,Active,616,20.2,12,12,0,11567,138804,889.7692307692307,1,1,0.08333333333333333,0.08333333333333333,11,0.9166666666666666,54,511,150876,33,31,4.0,33.75,98.25,3.0,0.0,0.0,4.0,23.52,0.0,2,Priority,Long Tenure
A-432483,Company_78,Cybersecurity,US,2023-02-06,ads,Pro,4,False,Active,694,22.8,9,6,3,25813,309756,6453.25,1,0,0.1111111111111111,0.0,7,0.7777777777777778,45,451,151460,28,25,1.0,51.0,128.0,0.0,0.0,0.0,0.0,0.0,0.0,2,Priority,Long Tenure
A-9208f0,Company_79,EdTech,US,2023-05-11,organic,Pro,1,False,Churned,600,19.7,8,7,1,3511,42132,3511.0,1,0,0.125,0.0,7,0.875,53,538,158701,31,29,8.0,41.25,59.75,3.3333333333333335,1.0,0.125,4.0,66.37,2.0,4,Critical,Long Tenure + Support Escalation
A-98a59a,Company_80,FinTech,UK,2023-08-04,partner,Enterprise,56,False,Active,515,16.9,10,10,0,36456,437472,651.0,2,1,0.2,0.1,6,0.6,44,455,124429,21,27,3.0,37.333333333333336,74.0,4.5,0.0,0.0,1.0,0.0,0.0,4,Critical,High Revenue + Long Tenure
A-fe79a5,Company_81,HealthTech,IN,2024-02-21,ads,Basic,9,True,Active,314,10.3,10,8,2,13532,162384,1503.5555555555557,2,0,0.2,0.0,9,0.9,33,335,96672,17,22,4.0,28.5,61.0,5.0,0.0,0.0,0.0,0.0,0.0,2,Priority,Long Tenure
A-726cfa,Company_82,DevTools,US,2023-07-01,partner,Pro,11,False,Active,549,18.0,19,17,2,34782,417384,3162.0,2,0,0.10526315789473684,0.0,16,0.8421052631578947,98,993,281986,45,40,3.0,35.666666666666664,128.33333333333334,4.0,0.0,0.0,1.0,122.11,0.0,4,Critical,High Revenue + Long Tenure
A-c43359,Company_83,FinTech,US,2024-11-16,organic,Pro,38,False,Active,45,1.5,8,6,2,12312,147744,324.0,2,1,0.25,0.125,8,1.0,47,461,147051,32,28,3.0,26.666666666666668,107.33333333333333,4.0,0.0,0.0,2.0,8.92,0.0,0,Monitor,No Major Risk Signal
A-271f46,Company_84,DevTools,US,2023-02-09,event,Pro,38,False,Churned,691,22.7,8,8,0,19604,235248,515.8947368421053,0,0,0.0,0.0,8,1.0,38,373,114563,16,25,1.0,36.0,79.0,0.0,0.0,0.0,2.0,0.0,1.0,2,Priority,Long Tenure
A-157070,Company_85,FinTech,US,2023-11-09,ads,Pro,16,False,Active,418,13.7,16,12,4,27506,330072,1719.125,2,1,0.125,0.0625,14,0.875,71,696,186928,26,37,3.0,42.333333333333336,118.0,3.0,1.0,0.3333333333333333,2.0,0.0,0.0,4,Critical,Long Tenure + Support Escalation
A-40a557,Company_86,Cybersecurity,AU,2023-12-03,partner,Pro,16,True,Active,394,12.9,9,8,1,23324,279888,1457.75,1,0,0.1111111111111111,0.0,9,1.0,39,402,114217,17,25,7.0,30.571428571428573,94.71428571428571,3.6666666666666665,0.0,0.0,1.0,0.0,0.0,2,Priority,Long Tenure
A-66224b,Company_87,HealthTech,US,2024-10-18,other,Pro,92,True,Active,74,2.4,12,11,1,69184,830208,752.0,0,0,0.0,0.0,9,0.75,61,626,185229,29,34,6.0,39.833333333333336,82.5,3.5,0.0,0.0,0.0,0.0,0.0,2,Priority,High Revenue
A-91e948,Company_88,EdTech,AU,2023-01-29,partner,Basic,41,False,Active,702,23.1,7,7,0,21894,262728,534.0,2,0,0.2857142857142857,0.0,7,1.0,40,404,115260,16,23,0.0,0.0,0.0,0.0,0.0,0.0,0.0,0.0,0.0,2,Priority,Long Tenure
A-104f1a,Company_89,Cybersecurity,US,2024-08-17,other,Pro,24,False,Active,136,4.5,8,7,1,12617,151404,525.7083333333334,0,0,0.0,0.0,7,0.875,44,438,156949,22,28,5.0,33.2,50.4,3.75,1.0,0.2,3.0,0.0,0.0,2,Priority,Support Escalation
A-7988d1,Company_90,Cybersecurity,US,2023-12-20,other,Basic,33,False,Active,377,12.4,9,8,1,10692,128304,324.0,0,0,0.0,0.0,7,0.7777777777777778,46,449,138265,28,31,3.0,35.333333333333336,65.33333333333333,4.333333333333333,0.0,0.0,3.0,16.89,0.0,2,Priority,Long Tenure
A-faa28c,Company_91,HealthTech,US,2024-01-30,organic,Enterprise,48,False,Active,336,11.0,14,12,2,58404,700848,1216.75,3,0,0.21428571428571427,0.0,11,0.7857142857142857,59,585,162007,24,25,4.0,52.25,115.5,4.666666666666667,1.0,0.25,2.0,0.0,0.0,6,Critical,High Revenue + Long Tenure + Support Escalation
A-f25509,Company_92,EdTech,US,2024-03-22,other,Enterprise,32,False,Active,284,9.3,5,5,0,16122,193464,503.8125,0,1,0.0,0.2,4,0.8,23,229,73603,15,17,6.0,42.666666666666664,116.0,4.666666666666667,0.0,0.0,3.0,0.0,1.0,0,Monitor,No Major Risk Signal
A-3a7284,Company_93,FinTech,US,2024-11-17,organic,Enterprise,31,False,Active,44,1.4,12,9,3,35519,426228,1145.774193548387,1,2,0.08333333333333333,0.16666666666666666,11,0.9166666666666666,60,609,191562,30,33,3.0,56.333333333333336,104.33333333333333,3.5,0.0,0.0,1.0,0.0,0.0,2,Priority,High Revenue
A-3a5ad8,Company_94,HealthTech,US,2023-12-05,organic,Enterprise,9,True,Active,392,12.9,13,13,0,28701,344412,3189.0,1,1,0.07692307692307693,0.07692307692307693,11,0.8461538461538461,52,506,127878,23,27,4.0,44.75,53.5,4.5,0.0,0.0,0.0,0.0,0.0,2,Priority,Long Tenure
A-65a46c,Company_95,HealthTech,US,2023-11-04,event,Pro,1,False,Active,423,13.9,8,7,1,22675,272100,22675.0,2,0,0.25,0.0,7,0.875,38,370,115219,21,24,8.0,45.125,91.125,4.0,0.0,0.0,0.0,0.0,0.0,2,Priority,Long Tenure
A-8b25f2,Company_96,Cybersecurity,US,2024-02-17,ads,Pro,6,False,Churned,318,10.4,13,11,2,14048,168576,2341.3333333333335,1,2,0.07692307692307693,0.15384615384615385,13,1.0,54,565,159394,20,29,2.0,35.5,50.5,4.0,0.0,0.0,0.0,0.0,0.0,2,Priority,Long Tenure
A-fabe19,Company_97,DevTools,UK,2024-11-11,ads,Enterprise,1,False,Active,50,1.6,7,5,2,20497,245964,20497.0,2,0,0.2857142857142857,0.0,3,0.42857142857142855,33,337,112966,16,20,3.0,40.666666666666664,38.333333333333336,4.0,0.0,0.0,0.0,0.0,0.0,0,Monitor,No Major Risk Signal
A-adc1f3,Company_98,Cybersecurity,US,2024-08-05,organic,Pro,2,False,Active,148,4.9,9,8,1,26608,319296,13304.0,0,0,0.0,0.0,7,0.7777777777777778,36,334,120133,26,24,3.0,47.333333333333336,65.0,3.5,0.0,0.0,0.0,0.0,0.0,0,Monitor,No Major Risk Signal
A-503d5a,Company_99,FinTech,US,2023-10-21,other,Enterprise,4,False,Churned,437,14.4,12,12,0,17884,214608,4471.0,0,1,0.0,0.08333333333333333,10,0.8333333333333334,59,605,211565,32,34,9.0,36.55555555555556,81.77777777777777,4.0,0.0,0.0,0.0,0.0,0.0,2,Priority,Long Tenure
A-fd7ad3,Company_100,Cybersecurity,US,2024-11-01,event,Enterprise,1,False,Active,60,2.0,10,8,2,3831,45972,3831.0,2,0,0.2,0.0,9,0.9,56,567,171957,42,31,8.0,48.75,98.125,4.166666666666667,1.0,0.125,4.0,70.03,1.0,2,Priority,Support Escalation
A-186a44,Company_101,HealthTech,US,2023-08-07,ads,Enterprise,20,False,Active,512,16.8,14,13,1,20989,251868,1049.45,1,1,0.07142857142857142,0.07142857142857142,10,0.7142857142857143,61,614,205539,25,30,7.0,38.285714285714285,110.42857142857143,3.5,0.0,0.0,0.0,0.0,0.0,2,Priority,Long Tenure
A-e888d1,Company_102,Cybersecurity,US,2023-03-28,other,Pro,14,False,Active,644,21.2,11,9,2,13646,163752,974.7142857142857,1,0,0.09090909090909091,0.0,8,0.7272727272727273,52,552,158087,36,31,5.0,43.0,104.0,4.0,1.0,0.2,3.0,6.38,0.0,4,Critical,Long Tenure + Support Escalation
A-69fad4,Company_103,FinTech,UK,2023-04-06,ads,Basic,6,False,Churned,635,20.9,7,5,2,8721,104652,1453.5,0,0,0.0,0.0,6,0.8571428571428571,39,412,124646,24,24,4.0,43.0,116.75,3.6666666666666665,0.0,0.0,1.0,0.0,0.0,2,Priority,Long Tenure
A-9289f6,Company_104,EdTech,US,2023-05-31,event,Enterprise,1,False,Active,580,19.1,12,11,1,13096,157152,13096.0,2,0,0.16666666666666666,0.0,10,0.8333333333333334,68,642,200375,38,33,6.0,37.5,70.0,4.333333333333333,0.0,0.0,1.0,17.93,0.0,2,Priority,Long Tenure
A-f19409,Company_105,DevTools,US,2023-03-16,other,Basic,23,False,Churned,656,21.6,12,11,1,34136,409632,1484.1739130434783,2,0,0.16666666666666666,0.0,10,0.8333333333333334,62,659,209812,31,33,3.0,6.333333333333333,103.33333333333333,4.0,0.0,0.0,2.0,0.0,0.0,4,Critical,High Revenue + Long Tenure
A-22f2df,Company_106,DevTools,US,2024-12-14,ads,Basic,3,False,Active,17,0.6,9,9,0,7451,89412,2483.6666666666665,1,1,0.1111111111111111,0.1111111111111111,7,0.7777777777777778,42,429,119127,17,25,5.0,44.8,71.6,5.0,0.0,0.0,0.0,0.0,0.0,0,Monitor,No Major Risk Signal
A-039727,Company_107,EdTech,AU,2024-11-02,organic,Pro,25,False,Active,59,1.9,15,14,1,36420,437040,1456.8,3,2,0.2,0.13333333333333333,12,0.8,74,768,249545,32,33,0.0,0.0,0.0,0.0,0.0,0.0,1.0,46.49,0.0,2,Priority,High Revenue
A-2e3bad,Company_108,FinTech,CA,2023-08-13,other,Pro,61,False,Active,506,16.6,10,8,2,45872,550464,752.0,0,0,0.0,0.0,8,0.8,45,435,123738,26,25,5.0,31.4,107.0,3.5,0.0,0.0,1.0,0.0,0.0,4,Critical,High Revenue + Long Tenure
A-484819,Company_109,HealthTech,US,2023-02-21,organic,Pro,18,False,Active,679,22.3,8,6,2,20604,247248,1144.6666666666667,3,0,0.375,0.0,7,0.875,33,336,116076,20,22,5.0,33.2,139.6,4.5,0.0,0.0,2.0,0.0,0.0,2,Priority,Long Tenure
A-425e76,Company_110,DevTools,UK,2023-05-17,other,Enterprise,8,False,Churned,594,19.5,11,10,1,17111,205332,2138.875,1,0,0.09090909090909091,0.0,10,0.9090909090909091,48,438,136419,24,29,5.0,48.2,119.2,3.3333333333333335,1.0,0.2,4.0,0.0,1.0,4,Critical,Long Tenure + Support Escalation
A-e83938,Company_111,DevTools,UK,2023-11-21,other,Pro,2,True,Churned,406,13.3,8,8,0,7503,90036,3751.5,2,0,0.25,0.0,6,0.75,31,266,87249,18,22,4.0,31.0,72.5,3.0,0.0,0.0,3.0,13.5,0.0,2,Priority,Long Tenure
A-ad296b,Company_112,DevTools,AU,2024-07-15,event,Pro,38,False,Active,169,5.6,6,5,1,18430,221160,485.0,0,0,0.0,0.0,6,1.0,31,294,103805,12,24,3.0,28.333333333333332,83.33333333333333,3.6666666666666665,1.0,0.3333333333333333,0.0,0.0,0.0,2,Priority,Support Escalation
A-e51ec7,Company_113,FinTech,CA,2023-09-23,partner,Enterprise,2,False,Active,465,15.3,8,7,1,24076,288912,12038.0,2,1,0.25,0.125,6,0.75,40,417,126745,18,26,3.0,37.0,93.33333333333333,5.0,0.0,0.0,3.0,0.0,0.0,2,Priority,Long Tenure
A-0aaf6e,Company_114,FinTech,US,2024-05-11,organic,Enterprise,3,False,Active,234,7.7,9,8,1,24084,289008,8028.0,0,0,0.0,0.0,6,0.6666666666666666,57,599,172442,39,25,5.0,45.0,75.4,4.0,0.0,0.0,0.0,0.0,0.0,0,Monitor,No Major Risk Signal
A-e61e98,Company_115,FinTech,US,2023-10-20,partner,Enterprise,19,False,Churned,438,14.4,9,9,0,13484,161808,709.6842105263158,2,0,0.2222222222222222,0.0,7,0.7777777777777778,56,527,131994,25,32,6.0,30.333333333333332,88.5,4.6,1.0,0.16666666666666666,1.0,0.0,0.0,4,Critical,Long Tenure + Support Escalation
A-92a333,Company_116,FinTech,US,2023-03-24,event,Enterprise,9,False,Active,648,21.3,6,6,0,10659,127908,1184.3333333333333,0,1,0.0,0.16666666666666666,6,1.0,36,364,103645,30,22,4.0,23.25,58.25,0.0,1.0,0.25,0.0,0.0,0.0,4,Critical,Long Tenure + Support Escalation
A-95b24a,Company_117,FinTech,US,2023-06-06,event,Pro,38,False,Churned,574,18.9,11,11,0,25034,300408,658.7894736842105,4,1,0.36363636363636365,0.09090909090909091,7,0.6363636363636364,62,611,188856,34,32,5.0,21.2,90.4,4.25,0.0,0.0,0.0,0.0,0.0,2,Priority,Long Tenure
A-42e5e1,Company_118,DevTools,US,2024-07-09,ads,Pro,1,False,Churned,175,5.7,7,6,1,8916,106992,8916.0,1,1,0.14285714285714285,0.14285714285714285,6,0.8571428571428571,41,411,116704,41,24,3.0,29.0,81.33333333333333,4.0,0.0,0.0,1.0,0.0,1.0,0,Monitor,No Major Risk Signal
A-7d514c,Company_119,HealthTech,DE,2024-02-03,organic,Enterprise,17,False,Active,332,10.9,9,8,1,24274,291288,1427.8823529411766,2,0,0.2222222222222222,0.0,8,0.8888888888888888,48,502,146707,30,30,3.0,33.333333333333336,49.666666666666664,5.0,0.0,0.0,0.0,0.0,0.0,2,Priority,Long Tenure
A-65aeb5,Company_120,DevTools,US,2024-01-25,partner,Pro,9,False,Active,341,11.2,12,9,3,34392,412704,3821.3333333333335,0,1,0.0,0.08333333333333333,9,0.75,55,533,148034,40,30,2.0,42.5,159.5,5.0,0.0,0.0,2.0,0.0,1.0,4,Critical,High Revenue + Long Tenure
A-e2cd1b,Company_121,DevTools,US,2024-02-04,other,Enterprise,15,False,Active,331,10.9,9,9,0,12548,150576,836.5333333333333,1,0,0.1111111111111111,0.0,9,1.0,49,465,138043,18,29,5.0,37.8,76.0,4.0,0.0,0.0,0.0,0.0,0.0,2,Priority,Long Tenure
A-180abf,Company_122,DevTools,US,2023-08-14,event,Pro,64,False,Churned,505,16.6,9,7,2,37312,447744,583.0,2,0,0.2222222222222222,0.0,7,0.7777777777777778,48,499,136250,28,29,3.0,36.333333333333336,62.333333333333336,3.0,0.0,0.0,5.0,0.0,0.0,4,Critical,High Revenue + Long Tenure
A-f17767,Company_123,DevTools,US,2023-01-30,event,Enterprise,1,True,Churned,701,23.0,14,12,2,16139,193668,16139.0,3,1,0.21428571428571427,0.07142857142857142,13,0.9285714285714286,69,713,208977,38,35,3.0,36.333333333333336,115.0,4.0,1.0,0.3333333333333333,1.0,0.0,0.0,4,Critical,Long Tenure + Support Escalation
A-5a184f,Company_124,DevTools,DE,2023-06-19,other,Enterprise,1,False,Churned,561,18.4,10,9,1,20683,248196,20683.0,0,1,0.0,0.1,10,1.0,57,587,175629,29,30,3.0,15.333333333333334,42.333333333333336,4.333333333333333,0.0,0.0,3.0,0.0,0.0,2,Priority,Long Tenure
A-7df7a7,Company_125,DevTools,US,2023-01-28,organic,Basic,7,False,Churned,703,23.1,15,14,1,29155,349860,4165.0,0,2,0.0,0.13333333333333333,12,0.8,91,922,256811,47,36,3.0,28.0,93.0,4.0,1.0,0.3333333333333333,1.0,0.0,0.0,6,Critical,High Revenue + Long Tenure + Support Escalation
A-1ac5e0,Company_126,DevTools,US,2024-10-20,event,Basic,33,False,Churned,72,2.4,10,10,0,18249,218988,553.0,0,0,0.0,0.0,5,0.5,56,558,167904,31,31,7.0,40.42857142857143,76.0,3.8,0.0,0.0,0.0,0.0,0.0,0,Monitor,No Major Risk Signal
A-52dd88,Company_127,Cybersecurity,US,2023-02-21,ads,Pro,23,False,Active,679,22.3,11,11,0,16592,199104,721.3913043478261,1,0,0.09090909090909091,0.0,7,0.6363636363636364,50,516,180823,33,28,1.0,72.0,111.0,0.0,0.0,0.0,0.0,0.0,0.0,2,Priority,Long Tenure
A-bece89,Company_128,Cybersecurity,IN,2023-12-01,event,Pro,26,False,Active,396,13.0,6,6,0,19250,231000,740.3846153846154,1,0,0.16666666666666666,0.0,4,0.6666666666666666,19,176,48112,13,16,4.0,32.5,103.75,4.0,1.0,0.25,2.0,109.75999999999999,0.0,4,Critical,Long Tenure + Support Escalation
A-029f69,Company_129,Cybersecurity,CA,2024-03-07,event,Basic,3,False,Active,299,9.8,16,13,3,14638,175656,4879.333333333333,2,0,0.125,0.0,10,0.625,84,789,241275,42,37,2.0,42.0,108.0,3.0,0.0,0.0,3.0,32.73,0.0,0,Monitor,No Major Risk Signal
A-5c046d,Company_130,EdTech,FR,2024-07-06,partner,Basic,93,False,Active,178,5.8,8,8,0,83886,1006632,902.0,0,0,0.0,0.0,6,0.75,46,475,127926,23,27,1.0,13.0,128.0,3.0,0.0,0.0,0.0,0.0,0.0,2,Priority,High Revenue
A-fb186e,Company_131,EdTech,IN,2024-10-27,organic,Basic,29,False,Active,65,2.1,3,3,0,5771,69252,199.0,0,0,0.0,0.0,2,0.6666666666666666,20,207,72170,7,15,6.0,26.166666666666668,81.0,3.6666666666666665,0.0,0.0,0.0,0.0,0.0,0,Monitor,No Major Risk Signal
A-ae052e,Company_132,FinTech,CA,2023-09-11,other,Basic,39,False,Active,477,15.7,6,3,3,7693,92316,197.25641025641025,1,1,0.16666666666666666,0.16666666666666666,6,1.0,29,300,88383,12,24,4.0,31.25,60.5,4.0,0.0,0.0,4.0,0.0,0.0,2,Priority,Long Tenure
A-9f9299,Company_133,FinTech,US,2023-09-02,organic,Enterprise,28,True,Active,486,16.0,15,12,3,42403,508836,1514.392857142857,0,0,0.0,0.0,9,0.6,85,830,258465,54,37,5.0,36.2,116.2,5.0,0.0,0.0,2.0,0.0,0.0,4,Critical,High Revenue + Long Tenure
A-96e141,Company_134,DevTools,UK,2023-08-12,partner,Basic,14,False,Active,507,16.7,7,6,1,15468,185616,1104.857142857143,0,0,0.0,0.0,7,1.0,36,346,81587,19,26,5.0,32.8,68.4,4.333333333333333,0.0,0.0,2.0,43.53,0.0,2,Priority,Long Tenure
A-117171,Company_135,HealthTech,FR,2024-09-12,organic,Basic,45,False,Churned,110,3.6,5,4,1,12015,144180,267.0,0,1,0.0,0.2,5,1.0,21,208,59864,11,15,6.0,32.5,68.33333333333333,3.6666666666666665,1.0,0.16666666666666666,3.0,102.86,0.0,2,Priority,Support Escalation
A-313be3,Company_136,EdTech,US,2023-11-15,partner,Enterprise,47,True,Active,412,13.5,11,11,0,19006,228072,404.3829787234043,1,0,0.09090909090909091,0.0,8,0.7272727272727273,57,560,164545,40,33,4.0,22.5,80.25,5.0,1.0,0.25,2.0,43.03,0.0,4,Critical,Long Tenure + Support Escalation
A-671f31,Company_137,DevTools,US,2024-11-24,ads,Basic,59,False,Active,37,1.2,6,6,0,30385,364620,515.0,0,1,0.0,0.16666666666666666,5,0.8333333333333334,17,167,43449,16,13,7.0,33.0,78.0,4.2,0.0,0.0,0.0,0.0,0.0,2,Priority,High Revenue
A-bbc346,Company_138,FinTech,US,2024-08-29,partner,Enterprise,19,False,Active,124,4.1,13,11,2,33122,397464,1743.2631578947369,3,2,0.23076923076923078,0.15384615384615385,11,0.8461538461538461,62,650,179376,37,34,3.0,45.333333333333336,102.66666666666667,4.5,0.0,0.0,2.0,15.46,0.0,2,Priority,High Revenue
A-c16101,Company_139,EdTech,IN,2024-09-06,other,Basic,7,False,Active,116,3.8,10,10,0,12422,149064,1774.5714285714287,1,1,0.1,0.1,9,0.9,55,561,185984,29,31,4.0,28.0,82.0,5.0,1.0,0.25,2.0,0.0,1.0,2,Priority,Support Escalation
A-50f3f7,Company_140,HealthTech,US,2023-12-22,partner,Basic,31,False,Churned,375,12.3,15,15,0,44077,528924,1421.8387096774193,0,2,0.0,0.13333333333333333,13,0.8666666666666667,72,685,206893,45,30,6.0,37.833333333333336,67.83333333333333,5.0,1.0,0.16666666666666666,0.0,0.0,0.0,6,Critical,High Revenue + Long Tenure + Support Escalation
A-7da956,Company_141,Cybersecurity,US,2024-06-02,event,Pro,13,True,Active,212,7.0,12,10,2,10963,131556,843.3076923076923,1,2,0.08333333333333333,0.16666666666666666,11,0.9166666666666666,51,543,150431,35,28,3.0,32.666666666666664,88.0,5.0,0.0,0.0,0.0,0.0,0.0,0,Monitor,No Major Risk Signal
A-019782,Company_142,DevTools,FR,2023-04-19,event,Enterprise,11,False,Active,622,20.4,9,8,1,8353,100236,759.3636363636364,1,0,0.1111111111111111,0.0,6,0.6666666666666666,55,562,160848,30,28,2.0,10.0,107.0,3.0,0.0,0.0,0.0,0.0,0.0,2,Priority,Long Tenure
A-df10db,Company_143,DevTools,US,2023-06-06,other,Enterprise,2,True,Active,574,18.9,11,10,1,11730,140760,5865.0,2,0,0.18181818181818182,0.0,9,0.8181818181818182,64,697,214976,40,31,2.0,68.5,86.5,3.0,1.0,0.5,2.0,0.0,0.0,4,Critical,Long Tenure + Support Escalation
A-3932db,Company_144,HealthTech,CA,2023-10-04,other,Pro,19,True,Churned,454,14.9,9,8,1,14087,169044,741.421052631579,2,1,0.2222222222222222,0.1111111111111111,9,1.0,46,434,134963,28,28,6.0,41.0,86.5,4.333333333333333,0.0,0.0,0.0,0.0,0.0,2,Priority,Long Tenure
A-4f18f0,Company_145,DevTools,CA,2024-04-21,other,Pro,24,True,Active,254,8.3,12,9,3,30264,363168,1261.0,0,1,0.0,0.08333333333333333,9,0.75,57,544,168051,25,33,5.0,39.2,61.4,4.0,0.0,0.0,2.0,0.0,0.0,2,Priority,High Revenue
A-4c6f11,Company_146,FinTech,CA,2023-11-27,organic,Pro,24,True,Churned,400,13.1,5,5,0,7586,91032,316.0833333333333,0,1,0.0,0.2,3,0.6,24,268,84855,4,20,3.0,44.666666666666664,63.0,4.333333333333333,0.0,0.0,2.0,0.0,0.0,2,Priority,Long Tenure
A-8ae05d,Company_147,FinTech,IN,2024-04-06,other,Enterprise,86,False,Active,269,8.8,7,6,1,26230,314760,305.0,0,0,0.0,0.0,5,0.7142857142857143,20,203,77446,10,16,1.0,47.0,48.0,4.0,0.0,0.0,1.0,0.0,0.0,0,Monitor,No Major Risk Signal
A-b78bf8,Company_148,DevTools,US,2024-11-15,event,Pro,33,False,Active,46,1.5,8,8,0,22423,269076,679.4848484848485,1,1,0.125,0.125,8,1.0,42,421,123802,11,24,5.0,24.2,88.8,4.2,0.0,0.0,1.0,0.0,0.0,0,Monitor,No Major Risk Signal
A-eafc6e,Company_149,DevTools,US,2023-07-06,partner,Pro,27,False,Churned,544,17.9,7,7,0,16229,194748,601.074074074074,0,0,0.0,0.0,6,0.8571428571428571,32,300,90218,15,23,1.0,64.0,136.0,0.0,0.0,0.0,2.0,0.0,0.0,2,Priority,Long Tenure
A-37f969,Company_150,HealthTech,IN,2023-10-14,partner,Enterprise,30,False,Active,444,14.6,8,8,0,22959,275508,765.3,2,0,0.25,0.0,6,0.75,32,312,107852,14,25,5.0,22.2,94.0,3.6666666666666665,1.0,0.2,4.0,146.86,0.0,4,Critical,Long Tenure + Support Escalation
A-10b8f2,Company_151,HealthTech,DE,2023-01-11,organic,Basic,47,True,Active,720,23.7,12,12,0,30719,368628,653.5957446808511,1,0,0.08333333333333333,0.0,8,0.6666666666666666,56,560,173183,23,29,3.0,46.333333333333336,67.0,4.333333333333333,0.0,0.0,1.0,0.0,0.0,4,Critical,High Revenue + Long Tenure
A-439b2f,Company_152,DevTools,US,2024-02-21,ads,Enterprise,1,False,Churned,314,10.3,6,5,1,1796,21552,1796.0,1,0,0.16666666666666666,0.0,5,0.8333333333333334,20,171,54271,5,14,3.0,18.333333333333332,85.33333333333333,0.0,0.0,0.0,2.0,17.06,1.0,2,Priority,Long Tenure
A-544d0a,Company_153,DevTools,US,2024-05-02,organic,Basic,2,True,Active,243,8.0,10,10,0,18492,221904,9246.0,1,2,0.1,0.2,7,0.7,47,510,152826,22,27,2.0,38.5,98.0,4.0,1.0,0.5,0.0,0.0,0.0,2,Priority,Support Escalation
A-ba6516,Company_154,FinTech,US,2023-10-29,ads,Pro,27,False,Active,429,14.1,13,13,0,28379,340548,1051.0740740740741,1,3,0.07692307692307693,0.23076923076923078,10,0.7692307692307693,60,642,213554,32,31,6.0,31.5,71.0,4.0,0.0,0.0,1.0,0.0,0.0,2,Priority,Long Tenure
A-712426,Company_155,HealthTech,US,2024-11-10,other,Enterprise,9,False,Active,51,1.7,15,13,2,11197,134364,1244.111111111111,2,0,0.13333333333333333,0.0,15,1.0,70,696,214681,31,32,6.0,37.333333333333336,79.16666666666667,4.4,0.0,0.0,3.0,0.0,2.0,0,Monitor,No Major Risk Signal
A-038089,Company_156,DevTools,FR,2023-12-19,other,Pro,5,False,Churned,378,12.4,3,3,0,2104,25248,420.8,0,0,0.0,0.0,3,1.0,20,210,63673,15,15,6.0,30.166666666666668,86.16666666666667,3.6666666666666665,0.0,0.0,2.0,19.34,0.0,2,Priority,Long Tenure
A-afa505,Company_157,DevTools,US,2023-12-27,partner,Basic,70,True,Active,370,12.2,9,8,1,66010,792120,943.0,2,1,0.2222222222222222,0.1111111111111111,5,0.5555555555555556,51,507,162673,28,33,4.0,37.25,88.25,3.0,1.0,0.25,1.0,0.0,0.0,6,Critical,High Revenue + Long Tenure + Support Escalation
A-d5a319,Company_158,FinTech,US,2023-05-04,other,Enterprise,15,False,Churned,607,19.9,12,12,0,37847,454164,2523.133333333333,3,2,0.25,0.16666666666666666,10,0.8333333333333334,59,604,212655,43,32,1.0,17.0,132.0,4.0,1.0,1.0,0.0,0.0,0.0,6,Critical,High Revenue + Long Tenure + Support Escalation
A-f97b9a,Company_159,FinTech,US,2023-07-09,event,Pro,16,False,Active,541,17.8,11,11,0,23833,285996,1489.5625,1,0,0.09090909090909091,0.0,8,0.7272727272727273,56,561,173241,33,29,7.0,31.714285714285715,69.85714285714286,3.6666666666666665,0.0,0.0,0.0,0.0,0.0,2,Priority,Long Tenure
A-2f6a32,Company_160,HealthTech,US,2024-08-26,organic,Basic,19,False,Active,127,4.2,11,9,2,7513,90156,395.42105263157896,1,0,0.09090909090909091,0.0,11,1.0,66,654,207283,46,32,2.0,41.0,72.0,3.5,0.0,0.0,0.0,0.0,0.0,0,Monitor,No Major Risk Signal
A-856b1e,Company_161,FinTech,US,2023-10-31,partner,Basic,19,False,Active,427,14.0,6,6,0,6321,75852,332.6842105263158,1,0,0.16666666666666666,0.0,5,0.8333333333333334,23,230,63418,24,17,5.0,36.0,79.4,0.0,1.0,0.2,0.0,0.0,0.0,4,Critical,Long Tenure + Support Escalation
A-17939a,Company_162,HealthTech,US,2024-12-26,organic,Basic,1,False,Active,5,0.2,11,9,2,9669,116028,9669.0,0,0,0.0,0.0,9,0.8181818181818182,47,440,121725,43,25,7.0,38.0,83.42857142857143,4.5,0.0,0.0,0.0,0.0,0.0,0,Monitor,No Major Risk Signal
A-d27f50,Company_163,Cybersecurity,UK,2024-07-20,ads,Enterprise,44,False,Active,164,5.4,12,9,3,44815,537780,1018.5227272727273,1,0,0.08333333333333333,0.0,9,0.75,50,481,170101,31,29,4.0,37.5,116.5,3.75,0.0,0.0,0.0,0.0,0.0,2,Priority,High Revenue
A-e36807,Company_164,EdTech,AU,2024-05-17,other,Pro,6,False,Active,228,7.5,10,9,1,12569,150828,2094.8333333333335,0,0,0.0,0.0,8,0.8,49,446,140849,27,27,2.0,41.0,152.0,4.5,0.0,0.0,0.0,0.0,0.0,0,Monitor,No Major Risk Signal
A-ff79f2,Company_165,DevTools,US,2024-04-25,ads,Basic,8,False,Churned,250,8.2,9,7,2,27873,334476,3484.125,2,0,0.2222222222222222,0.0,6,0.6666666666666666,41,393,133848,12,24,2.0,50.0,82.5,0.0,0.0,0.0,0.0,0.0,0.0,0,Monitor,No Major Risk Signal
A-5b1bcd,Company_166,DevTools,US,2023-09-16,organic,Pro,73,False,Active,472,15.5,15,14,1,133298,1599576,1826.0,3,0,0.2,0.0,13,0.8666666666666667,86,869,251284,54,34,4.0,43.25,92.5,4.5,0.0,0.0,1.0,4.45,0.0,4,Critical,High Revenue + Long Tenure
A-71615e,Company_167,EdTech,US,2024-05-18,organic,Basic,15,False,Active,227,7.5,13,13,0,40713,488556,2714.2,3,0,0.23076923076923078,0.0,10,0.7692307692307693,62,620,194799,41,29,1.0,49.0,77.0,0.0,0.0,0.0,1.0,0.0,0.0,2,Priority,High Revenue
A-794a0b,Company_168,HealthTech,DE,2023-06-02,organic,Basic,23,False,Active,578,19.0,7,7,0,10575,126900,459.7826086956522,0,0,0.0,0.0,5,0.7142857142857143,38,347,94200,31,28,0.0,0.0,0.0,0.0,0.0,0.0,1.0,0.0,0.0,2,Priority,Long Tenure
A-86902e,Company_169,HealthTech,IN,2023-05-02,other,Enterprise,34,False,Active,609,20.0,10,9,1,36041,432492,1060.0294117647059,2,0,0.2,0.0,9,0.9,63,628,202329,36,32,9.0,40.888888888888886,71.44444444444444,3.5,0.0,0.0,1.0,0.0,0.0,4,Critical,High Revenue + Long Tenure
A-0532a9,Company_170,FinTech,IN,2024-09-25,event,Pro,19,False,Active,97,3.2,10,10,0,15161,181932,797.9473684210526,4,1,0.4,0.1,5,0.5,54,519,157792,30,30,8.0,30.75,73.375,3.0,0.0,0.0,1.0,2.4,0.0,0,Monitor,No Major Risk Signal
A-9779ad,Company_171,Cybersecurity,AU,2024-03-29,event,Pro,40,True,Churned,277,9.1,10,10,0,51680,620160,1292.0,0,0,0.0,0.0,5,0.5,43,413,109079,25,29,3.0,20.666666666666668,116.33333333333333,5.0,0.0,0.0,3.0,0.0,0.0,2,Priority,High Revenue
A-f45426,Company_172,HealthTech,US,2024-08-05,organic,Basic,9,False,Active,148,4.9,11,9,2,17289,207468,1921.0,0,3,0.0,0.2727272727272727,8,0.7272727272727273,61,624,191651,49,33,3.0,17.0,69.0,4.0,0.0,0.0,2.0,47.17,0.0,0,Monitor,No Major Risk Signal
A-c1e51e,Company_173,FinTech,US,2024-10-02,organic,Basic,3,False,Active,90,3.0,10,7,3,23905,286860,7968.333333333333,1,1,0.1,0.1,10,1.0,50,518,152228,36,28,5.0,40.0,75.6,3.2,0.0,0.0,2.0,0.0,0.0,0,Monitor,No Major Risk Signal
A-fa3095,Company_174,FinTech,US,2023-09-03,ads,Basic,70,False,Active,485,15.9,12,12,0,69230,830760,989.0,0,0,0.0,0.0,12,1.0,59,600,202100,42,31,5.0,49.2,84.0,5.0,0.0,0.0,1.0,0.0,0.0,4,Critical,High Revenue + Long Tenure
A-ad64c6,Company_175,DevTools,UK,2024-02-23,event,Pro,12,False,Active,312,10.2,6,5,1,14708,176496,1225.6666666666667,0,0,0.0,0.0,4,0.6666666666666666,20,215,79605,18,16,4.0,34.0,98.5,5.0,0.0,0.0,2.0,19.08,0.0,0,Monitor,No Major Risk Signal
A-39b19f,Company_176,FinTech,US,2023-02-03,partner,Enterprise,1,False,Active,697,22.9,11,9,2,21237,254844,21237.0,1,1,0.09090909090909091,0.09090909090909091,8,0.7272727272727273,55,530,135061,37,30,6.0,47.833333333333336,87.5,4.25,1.0,0.16666666666666666,1.0,0.0,0.0,4,Critical,Long Tenure + Support Escalation
A-56962b,Company_177,EdTech,UK,2024-04-09,partner,Enterprise,163,False,Active,266,8.7,7,6,1,54605,655260,335.0,1,0,0.14285714285714285,0.0,6,0.8571428571428571,29,271,81944,25,16,4.0,37.5,105.5,3.0,0.0,0.0,2.0,45.83,0.0,2,Priority,High Revenue
A-e60f9d,Company_178,FinTech,US,2024-08-26,other,Basic,29,False,Active,127,4.2,15,13,2,50817,609804,1752.3103448275863,0,2,0.0,0.13333333333333333,14,0.9333333333333333,62,629,158587,24,30,2.0,70.5,106.5,0.0,0.0,0.0,0.0,0.0,0.0,2,Priority,High Revenue
A-88c6ca,Company_179,FinTech,DE,2024-10-25,ads,Basic,5,False,Churned,67,2.2,7,7,0,6449,77388,1289.8,0,0,0.0,0.0,7,1.0,43,446,130195,19,27,1.0,56.0,12.0,0.0,0.0,0.0,0.0,0.0,0.0,0,Monitor,No Major Risk Signal
A-158f4e,Company_180,FinTech,IN,2023-03-03,other,Enterprise,61,False,Active,669,22.0,12,11,1,43859,526308,719.0,0,0,0.0,0.0,10,0.8333333333333334,49,453,124458,29,32,5.0,27.6,126.0,4.333333333333333,0.0,0.0,2.0,0.0,0.0,4,Critical,High Revenue + Long Tenure
A-5b051a,Company_181,Cybersecurity,US,2024-08-05,event,Enterprise,22,False,Active,148,4.9,4,3,1,2332,27984,106.0,0,0,0.0,0.0,4,1.0,16,171,44864,17,14,1.0,2.0,2.0,3.0,0.0,0.0,0.0,0.0,0.0,0,Monitor,No Major Risk Signal
A-296d7c,Company_182,DevTools,DE,2023-11-08,other,Enterprise,2,False,Active,419,13.8,7,7,0,1989,23868,994.5,0,0,0.0,0.0,5,0.7142857142857143,33,357,124753,18,21,5.0,50.4,105.2,3.75,0.0,0.0,1.0,0.0,0.0,2,Priority,Long Tenure
A-1619f8,Company_183,DevTools,US,2024-05-20,organic,Pro,29,False,Active,225,7.4,7,7,0,19790,237480,682.4137931034483,1,0,0.14285714285714285,0.0,5,0.7142857142857143,42,432,142787,26,27,3.0,42.0,81.0,5.0,0.0,0.0,3.0,0.0,0.0,0,Monitor,No Major Risk Signal
A-a1b80b,Company_184,HealthTech,US,2023-11-27,organic,Basic,16,False,Active,400,13.1,16,15,1,34589,415068,2161.8125,3,1,0.1875,0.0625,12,0.75,72,749,222610,48,33,4.0,41.0,72.5,4.0,0.0,0.0,1.0,12.99,1.0,4,Critical,High Revenue + Long Tenure
A-139c3b,Company_185,HealthTech,US,2024-11-21,organic,Enterprise,10,True,Churned,40,1.3,8,6,2,9027,108324,902.7,1,0,0.125,0.0,6,0.75,44,478,150601,16,27,9.0,28.444444444444443,66.11111111111111,4.5,0.0,0.0,0.0,0.0,0.0,0,Monitor,No Major Risk Signal
A-702032,Company_186,HealthTech,US,2023-10-03,ads,Pro,28,False,Active,455,14.9,6,4,2,8540,102480,305.0,1,0,0.16666666666666666,0.0,5,0.8333333333333334,26,285,91776,15,19,4.0,26.0,98.25,3.0,0.0,0.0,2.0,10.5,0.0,2,Priority,Long Tenure
A-7a0d69,Company_187,DevTools,DE,2024-06-15,ads,Enterprise,4,True,Churned,199,6.5,11,11,0,10362,124344,2590.5,2,0,0.18181818181818182,0.0,10,0.9090909090909091,61,606,179167,31,31,2.0,29.0,52.5,5.0,0.0,0.0,3.0,28.95,0.0,0,Monitor,No Major Risk Signal
A-22d9d2,Company_188,DevTools,FR,2024-03-22,event,Pro,8,False,Active,284,9.3,14,11,3,18746,224952,2343.25,2,1,0.14285714285714285,0.07142857142857142,11,0.7857142857142857,75,782,239679,43,35,6.0,16.0,88.0,4.0,1.0,0.16666666666666666,1.0,0.0,0.0,2,Priority,Support Escalation
A-b9eed8,Company_189,Cybersecurity,US,2024-02-23,organic,Basic,11,False,Active,312,10.2,11,11,0,16577,198924,1507.0,0,3,0.0,0.2727272727272727,9,0.8181818181818182,61,623,168474,55,29,5.0,29.2,103.8,3.75,1.0,0.2,1.0,0.0,1.0,2,Priority,Support Escalation
A-dfbd31,Company_190,DevTools,UK,2023-12-04,partner,Enterprise,14,False,Active,393,12.9,14,14,0,25079,300948,1791.357142857143,1,1,0.07142857142857142,0.07142857142857142,11,0.7857142857142857,54,599,182273,19,27,6.0,29.666666666666668,129.83333333333334,4.25,0.0,0.0,2.0,0.0,0.0,2,Priority,Long Tenure
A-8e47ca,Company_191,HealthTech,US,2024-02-15,organic,Pro,19,False,Active,320,10.5,9,8,1,28120,337440,1480.0,1,0,0.1111111111111111,0.0,7,0.7777777777777778,46,441,133497,35,29,5.0,33.4,80.6,4.0,1.0,0.2,3.0,0.0,0.0,4,Critical,Long Tenure + Support Escalation
A-4437e4,Company_192,Cybersecurity,US,2023-09-16,event,Enterprise,3,False,Active,472,15.5,16,15,1,17831,213972,5943.666666666667,4,1,0.25,0.0625,15,0.9375,83,806,260271,43,37,6.0,34.666666666666664,125.33333333333333,3.0,2.0,0.3333333333333333,1.0,0.0,0.0,4,Critical,Long Tenure + Support Escalation
A-779e4e,Company_193,HealthTech,US,2023-01-02,organic,Basic,5,False,Active,729,23.9,10,8,2,28081,336972,5616.2,2,1,0.2,0.1,9,0.9,44,393,111038,20,28,5.0,26.6,91.6,4.0,0.0,0.0,0.0,0.0,0.0,2,Priority,Long Tenure
A-53f4e3,Company_194,Cybersecurity,UK,2024-06-14,event,Enterprise,13,False,Active,200,6.6,10,9,1,15072,180864,1159.3846153846155,0,0,0.0,0.0,8,0.8,44,410,127529,45,29,5.0,28.6,99.0,4.0,0.0,0.0,1.0,0.0,1.0,0,Monitor,No Major Risk Signal
A-692f18,Company_195,EdTech,US,2024-03-28,other,Basic,5,True,Churned,278,9.1,17,16,1,30550,366600,6110.0,2,1,0.11764705882352941,0.058823529411764705,12,0.7058823529411765,87,871,261911,55,36,2.0,37.5,120.0,5.0,0.0,0.0,1.0,0.0,0.0,2,Priority,High Revenue
A-13466a,Company_196,DevTools,AU,2023-10-22,event,Basic,2,False,Churned,436,14.3,6,2,4,13343,160116,6671.5,0,0,0.0,0.0,5,0.8333333333333334,22,205,57539,14,17,3.0,32.333333333333336,94.33333333333333,4.333333333333333,1.0,0.3333333333333333,2.0,6.51,1.0,4,Critical,Long Tenure + Support Escalation
A-1986ca,Company_197,HealthTech,IN,2023-01-30,ads,Pro,20,False,Active,701,23.0,7,7,0,27661,331932,1383.05,1,0,0.14285714285714285,0.0,4,0.5714285714285714,37,362,102382,23,26,7.0,36.57142857142857,106.57142857142857,3.4,0.0,0.0,0.0,0.0,0.0,2,Priority,Long Tenure
A-0cc442,Company_198,EdTech,US,2024-07-18,organic,Basic,45,False,Active,166,5.5,13,11,2,61935,743220,1376.3333333333333,3,1,0.23076923076923078,0.07692307692307693,9,0.6923076923076923,77,765,230759,41,34,3.0,37.0,47.333333333333336,3.0,0.0,0.0,4.0,59.52,2.0,2,Priority,High Revenue
A-c608c8,Company_199,DevTools,DE,2023-04-27,ads,Pro,3,False,Churned,614,20.2,8,7,1,9514,114168,3171.3333333333335,1,1,0.125,0.125,6,0.75,43,445,144345,27,29,2.0,59.0,66.0,3.0,0.0,0.0,1.0,0.0,0.0,2,Priority,Long Tenure
A-3be56b,Company_200,HealthTech,IN,2023-10-26,event,Pro,3,False,Churned,432,14.2,12,10,2,17040,204480,5680.0,1,1,0.08333333333333333,0.08333333333333333,9,0.75,55,528,169908,33,28,4.0,40.25,74.0,3.5,0.0,0.0,2.0,0.0,0.0,2,Priority,Long Tenure
A-354f12,Company_201,FinTech,US,2024-04-28,ads,Pro,1,True,Active,247,8.1,4,4,0,8889,106668,8889.0,0,1,0.0,0.25,4,1.0,15,158,48510,3,14,2.0,56.5,137.5,0.0,0.0,0.0,1.0,0.0,0.0,0,Monitor,No Major Risk Signal
A-68f37c,Company_202,HealthTech,US,2023-07-15,ads,Basic,4,False,Active,535,17.6,12,10,2,32270,387240,8067.5,3,0,0.25,0.0,11,0.9166666666666666,65,624,202756,40,30,5.0,20.2,119.8,4.0,0.0,0.0,4.0,0.0,2.0,4,Critical,High Revenue + Long Tenure
A-aa9511,Company_203,DevTools,US,2023-10-10,other,Pro,23,True,Active,448,14.7,15,13,2,60970,731640,2650.8695652173915,0,1,0.0,0.06666666666666667,13,0.8666666666666667,65,625,189526,35,33,2.0,56.5,98.5,4.0,0.0,0.0,1.0,0.0,0.0,4,Critical,High Revenue + Long Tenure
A-af0cd2,Company_204,Cybersecurity,IN,2023-01-03,other,Enterprise,19,True,Active,728,23.9,11,9,2,6460,77520,340.0,1,0,0.09090909090909091,0.0,9,0.8181818181818182,70,687,225366,33,31,3.0,54.333333333333336,149.33333333333334,0.0,0.0,0.0,1.0,0.0,0.0,2,Priority,Long Tenure
A-bd4513,Company_205,DevTools,AU,2024-11-06,event,Enterprise,50,True,Active,55,1.8,12,10,2,52204,626448,1044.08,2,0,0.16666666666666666,0.0,10,0.8333333333333334,51,507,157547,34,28,3.0,42.0,58.666666666666664,4.666666666666667,0.0,0.0,2.0,35.14,0.0,2,Priority,High Revenue
A-c222ab,Company_206,Cybersecurity,US,2024-05-10,other,Pro,32,False,Churned,235,7.7,7,6,1,18656,223872,583.0,1,0,0.14285714285714285,0.0,6,0.8571428571428571,45,435,133441,33,27,4.0,39.0,94.5,5.0,0.0,0.0,3.0,32.14,0.0,0,Monitor,No Major Risk Signal
A-34d880,Company_207,Cybersecurity,AU,2024-04-11,ads,Enterprise,4,False,Active,264,8.7,9,8,1,20964,251568,5241.0,0,0,0.0,0.0,6,0.6666666666666666,47,474,144424,40,29,5.0,52.2,90.8,3.0,0.0,0.0,1.0,10.4,0.0,0,Monitor,No Major Risk Signal
A-508199,Company_208,FinTech,AU,2024-01-28,event,Basic,19,False,Active,338,11.1,5,5,0,8436,101232,444.0,0,0,0.0,0.0,3,0.6,24,231,80389,15,16,3.0,50.666666666666664,67.33333333333333,3.0,0.0,0.0,0.0,0.0,0.0,2,Priority,Long Tenure
A-f03140,Company_209,DevTools,IN,2023-11-22,event,Pro,27,True,Active,405,13.3,10,10,0,21075,252900,780.5555555555555,1,1,0.1,0.1,8,0.8,57,595,196965,22,32,7.0,36.0,113.14285714285714,3.6666666666666665,0.0,0.0,1.0,0.0,0.0,2,Priority,Long Tenure
A-410e86,Company_210,FinTech,US,2024-11-10,organic,Basic,24,False,Active,51,1.7,7,5,2,15960,191520,665.0,0,0,0.0,0.0,3,0.42857142857142855,30,292,107443,21,22,5.0,42.6,110.0,3.5,0.0,0.0,0.0,0.0,0.0,0,Monitor,No Major Risk Signal
A-fa2041,Company_211,HealthTech,US,2024-05-29,organic,Pro,15,True,Active,216,7.1,12,12,0,20915,250980,1394.3333333333333,0,0,0.0,0.0,11,0.9166666666666666,61,552,157263,34,34,1.0,16.0,99.0,3.0,0.0,0.0,1.0,0.0,0.0,0,Monitor,No Major Risk Signal
A-de58ca,Company_212,HealthTech,DE,2023-04-13,organic,Enterprise,15,False,Active,628,20.6,11,9,2,23905,286860,1593.6666666666667,0,0,0.0,0.0,6,0.5454545454545454,49,505,141942,33,28,5.0,30.6,115.0,3.3333333333333335,0.0,0.0,0.0,0.0,0.0,2,Priority,Long Tenure
A-05d3b3,Company_213,DevTools,AU,2023-05-28,ads,Basic,9,True,Active,583,19.2,13,12,1,12610,151320,1401.111111111111,0,0,0.0,0.0,10,0.7692307692307693,64,642,193363,22,32,6.0,31.5,48.333333333333336,4.333333333333333,0.0,0.0,2.0,0.0,0.0,2,Priority,Long Tenure
A-249769,Company_214,Cybersecurity,US,2024-04-25,event,Enterprise,4,False,Churned,250,8.2,13,13,0,15717,188604,3929.25,0,0,0.0,0.0,13,1.0,68,678,193777,30,31,2.0,39.5,96.5,4.0,0.0,0.0,2.0,0.0,1.0,0,Monitor,No Major Risk Signal
A-e43bf7,Company_215,Cybersecurity,AU,2023-03-24,other,Pro,44,False,Active,648,21.3,7,7,0,46666,559992,1060.590909090909,3,0,0.42857142857142855,0.0,6,0.8571428571428571,40,371,103455,35,26,5.0,27.4,80.0,4.0,1.0,0.2,1.0,0.0,0.0,6,Critical,High Revenue + Long Tenure + Support Escalation
A-eb2fdc,Company_216,DevTools,AU,2023-11-21,organic,Enterprise,31,False,Churned,406,13.3,12,11,1,31968,383616,1031.225806451613,0,0,0.0,0.0,10,0.8333333333333334,54,547,174663,17,29,5.0,33.6,37.6,4.5,0.0,0.0,1.0,0.0,0.0,4,Critical,High Revenue + Long Tenure
A-e1462e,Company_217,FinTech,UK,2023-03-12,partner,Basic,15,False,Active,660,21.7,7,7,0,12030,144360,802.0,1,1,0.14285714285714285,0.14285714285714285,5,0.7142857142857143,35,347,98097,22,26,2.0,39.5,118.5,3.5,0.0,0.0,2.0,0.0,1.0,2,Priority,Long Tenure
A-cab532,Company_218,DevTools,FR,2023-04-03,organic,Pro,11,True,Active,638,21.0,15,14,1,20088,241056,1826.1818181818182,2,1,0.13333333333333333,0.06666666666666667,14,0.9333333333333333,101,1005,273639,47,38,1.0,32.0,175.0,4.0,0.0,0.0,1.0,0.0,0.0,2,Priority,Long Tenure
A-9123ac,Company_219,Cybersecurity,DE,2023-06-20,organic,Pro,9,False,Active,560,18.4,7,7,0,14751,177012,1639.0,0,1,0.0,0.14285714285714285,7,1.0,37,386,120014,24,28,6.0,38.833333333333336,91.66666666666667,4.2,0.0,0.0,2.0,0.0,1.0,2,Priority,Long Tenure
A-6e08f3,Company_220,Cybersecurity,US,2023-02-27,event,Basic,8,False,Active,673,22.1,10,10,0,18190,218280,2273.75,1,1,0.1,0.1,7,0.7,50,492,149078,21,28,2.0,36.5,137.0,3.5,0.0,0.0,1.0,0.0,1.0,2,Priority,Long Tenure
A-d922bf,Company_221,HealthTech,US,2023-09-08,ads,Basic,5,True,Churned,480,15.8,7,6,1,17114,205368,3422.8,0,0,0.0,0.0,7,1.0,41,419,134119,19,24,7.0,39.142857142857146,101.14285714285714,3.3333333333333335,1.0,0.14285714285714285,1.0,11.13,0.0,4,Critical,Long Tenure + Support Escalation
A-8ed5dd,Company_222,EdTech,UK,2023-06-29,event,Enterprise,5,False,Churned,551,18.1,12,11,1,11956,143472,2391.2,3,1,0.25,0.08333333333333333,11,0.9166666666666666,55,545,173217,45,29,6.0,29.0,96.83333333333333,3.75,0.0,0.0,2.0,0.0,0.0,2,Priority,Long Tenure
A-7c6b6b,Company_223,FinTech,US,2024-11-30,other,Basic,6,False,Active,31,1.0,7,5,2,4818,57816,803.0,0,0,0.0,0.0,6,0.8571428571428571,35,311,82471,24,22,5.0,52.2,82.4,4.333333333333333,0.0,0.0,1.0,0.0,0.0,0,Monitor,No Major Risk Signal
A-3c1a3f,Company_224,DevTools,UK,2023-08-26,event,Pro,1,False,Active,493,16.2,12,10,2,14909,178908,14909.0,0,1,0.0,0.08333333333333333,10,0.8333333333333334,51,497,172341,22,31,4.0,33.25,56.5,3.5,0.0,0.0,0.0,0.0,0.0,2,Priority,Long Tenure
A-b48f73,Company_225,EdTech,AU,2024-11-13,event,Pro,80,True,Active,48,1.6,7,7,0,28320,339840,354.0,0,0,0.0,0.0,4,0.5714285714285714,44,412,118416,23,24,3.0,28.666666666666668,35.333333333333336,4.0,0.0,0.0,0.0,0.0,0.0,0,Monitor,No Major Risk Signal
A-76fa4d,Company_226,HealthTech,US,2024-11-24,event,Pro,69,False,Active,37,1.2,7,5,2,61686,740232,894.0,0,0,0.0,0.0,6,0.8571428571428571,36,357,126251,21,21,5.0,33.4,111.8,4.5,0.0,0.0,2.0,33.04,0.0,2,Priority,High Revenue
A-b2af2e,Company_227,Cybersecurity,UK,2024-08-24,event,Enterprise,5,False,Active,129,4.2,4,4,0,3112,37344,622.4,0,1,0.0,0.25,1,0.25,18,174,60214,11,14,2.0,39.5,95.0,4.0,0.0,0.0,1.0,0.0,0.0,0,Monitor,No Major Risk Signal
A-9bfc9f,Company_228,DevTools,CA,2023-09-14,ads,Pro,53,False,Active,474,15.6,9,8,1,15342,184104,289.47169811320754,3,2,0.3333333333333333,0.2222222222222222,8,0.8888888888888888,37,376,109862,18,23,6.0,35.333333333333336,84.33333333333333,3.3333333333333335,1.0,0.16666666666666666,0.0,0.0,0.0,4,Critical,Long Tenure + Support Escalation
A-4ae22a,Company_229,EdTech,US,2024-05-09,other,Pro,6,False,Churned,236,7.8,7,6,1,9432,113184,1572.0,0,0,0.0,0.0,6,0.8571428571428571,35,369,142387,31,24,3.0,14.333333333333334,72.66666666666667,3.0,0.0,0.0,1.0,0.0,0.0,0,Monitor,No Major Risk Signal
A-fda07f,Company_230,Cybersecurity,FR,2024-08-11,partner,Basic,7,False,Active,142,4.7,12,12,0,28418,341016,4059.714285714286,4,1,0.3333333333333333,0.08333333333333333,10,0.8333333333333334,65,681,231376,39,31,5.0,17.8,57.0,4.0,0.0,0.0,1.0,17.34,0.0,0,Monitor,No Major Risk Signal
A-de24d5,Company_231,DevTools,US,2024-11-05,other,Enterprise,5,True,Active,56,1.8,13,12,1,21327,255924,4265.4,0,0,0.0,0.0,12,0.9230769230769231,53,537,140266,28,29,7.0,43.142857142857146,103.42857142857143,3.0,0.0,0.0,0.0,0.0,0.0,0,Monitor,No Major Risk Signal
A-977ca0,Company_232,HealthTech,IN,2023-02-20,partner,Basic,6,False,Churned,680,22.3,16,14,2,30055,360660,5009.166666666667,1,0,0.0625,0.0,13,0.8125,85,893,242860,46,38,3.0,64.0,123.0,4.0,0.0,0.0,0.0,0.0,0.0,4,Critical,High Revenue + Long Tenure
A-ab438f,Company_233,Cybersecurity,US,2024-09-13,ads,Enterprise,13,False,Churned,109,3.6,8,5,3,16358,196296,1258.3076923076924,1,0,0.125,0.0,6,0.75,36,369,111452,12,25,2.0,33.5,112.5,3.5,0.0,0.0,1.0,0.0,0.0,0,Monitor,No Major Risk Signal
A-e89151,Company_234,FinTech,UK,2023-09-14,organic,Pro,8,True,Churned,474,15.6,9,7,2,21734,260808,2716.75,3,0,0.3333333333333333,0.0,7,0.7777777777777778,58,601,188786,29,30,2.0,41.5,48.5,5.0,0.0,0.0,0.0,0.0,0.0,2,Priority,Long Tenure
A-40906c,Company_235,EdTech,US,2024-03-27,ads,Basic,92,False,Active,279,9.2,12,12,0,64400,772800,700.0,0,0,0.0,0.0,10,0.8333333333333334,63,685,210243,32,32,5.0,29.2,95.0,3.75,0.0,0.0,0.0,0.0,0.0,2,Priority,High Revenue
A-81edc3,Company_236,Cybersecurity,IN,2023-10-30,ads,Basic,5,False,Active,428,14.1,12,12,0,17524,210288,3504.8,2,0,0.16666666666666666,0.0,8,0.6666666666666666,74,765,245080,41,33,3.0,52.666666666666664,70.0,4.0,0.0,0.0,3.0,10.91,0.0,2,Priority,Long Tenure
A-328bd0,Company_237,HealthTech,AU,2023-05-16,partner,Enterprise,18,False,Active,595,19.5,13,11,2,15979,191748,887.7222222222222,1,1,0.07692307692307693,0.07692307692307693,10,0.7692307692307693,61,568,162210,49,30,5.0,46.0,68.2,3.6666666666666665,0.0,0.0,0.0,0.0,0.0,2,Priority,Long Tenure
A-b3fe05,Company_238,Cybersecurity,CA,2024-05-28,partner,Pro,8,False,Active,217,7.1,9,8,1,24494,293928,3061.75,0,0,0.0,0.0,8,0.8888888888888888,43,438,141962,18,29,4.0,48.25,94.25,3.0,0.0,0.0,0.0,0.0,0.0,0,Monitor,No Major Risk Signal
A-09540c,Company_239,Cybersecurity,CA,2023-10-30,event,Basic,67,True,Active,428,14.1,6,5,1,23718,284616,354.0,1,1,0.16666666666666666,0.16666666666666666,5,0.8333333333333334,28,297,94696,16,20,2.0,28.0,89.0,4.5,0.0,0.0,1.0,71.44,0.0,2,Priority,Long Tenure
A-e693b6,Company_240,FinTech,AU,2023-05-25,event,Enterprise,55,False,Churned,586,19.3,12,10,2,34155,409860,621.0,1,0,0.08333333333333333,0.0,11,0.9166666666666666,61,681,206167,25,31,1.0,1.0,144.0,3.0,0.0,0.0,1.0,0.0,0.0,4,Critical,High Revenue + Long Tenure
A-2446e3,Company_241,EdTech,IN,2024-01-10,organic,Pro,27,False,Active,356,11.7,7,7,0,24138,289656,894.0,1,1,0.14285714285714285,0.14285714285714285,4,0.5714285714285714,48,496,151037,32,28,3.0,28.666666666666668,104.66666666666667,4.0,0.0,0.0,2.0,81.93,1.0,2,Priority,Long Tenure
A-241e75,Company_242,EdTech,US,2024-07-03,partner,Enterprise,3,False,Active,181,5.9,5,5,0,3594,43128,1198.0,0,1,0.0,0.2,4,0.8,28,266,100257,20,17,4.0,31.5,101.0,4.5,0.0,0.0,2.0,0.0,0.0,0,Monitor,No Major Risk Signal
A-922109,Company_243,Cybersecurity,US,2024-01-26,ads,Pro,3,False,Active,340,11.2,13,12,1,14118,169416,4706.0,0,0,0.0,0.0,10,0.7692307692307693,79,819,274464,34,35,3.0,25.333333333333332,127.0,3.0,0.0,0.0,2.0,0.0,0.0,2,Priority,Long Tenure
A-ff3c73,Company_244,HealthTech,AU,2023-01-26,other,Pro,21,False,Active,705,23.2,9,8,1,4335,52020,206.42857142857142,1,0,0.1111111111111111,0.0,7,0.7777777777777778,40,408,143989,23,29,2.0,35.5,97.5,3.5,0.0,0.0,2.0,2.42,0.0,2,Priority,Long Tenure
A-8b0451,Company_245,FinTech,UK,2024-09-16,event,Enterprise,41,False,Active,106,3.5,10,9,1,31709,380508,773.390243902439,0,0,0.0,0.0,8,0.8,60,606,177930,45,32,7.0,26.571428571428573,83.71428571428571,3.5,0.0,0.0,1.0,0.0,0.0,2,Priority,High Revenue
A-331424,Company_246,DevTools,US,2023-11-06,organic,Basic,11,False,Active,421,13.8,6,5,1,6776,81312,616.0,0,0,0.0,0.0,3,0.5,20,214,76170,9,17,2.0,24.5,98.5,0.0,0.0,0.0,1.0,0.0,0.0,2,Priority,Long Tenure
A-51ec1b,Company_247,DevTools,US,2023-11-08,ads,Enterprise,7,False,Active,419,13.8,6,4,2,11087,133044,1583.857142857143,3,2,0.5,0.3333333333333333,5,0.8333333333333334,28,283,111162,12,19,3.0,52.333333333333336,150.0,5.0,1.0,0.3333333333333333,1.0,0.0,1.0,4,Critical,Long Tenure + Support Escalation
A-bcf664,Company_248,DevTools,US,2023-05-19,other,Pro,5,False,Active,592,19.4,13,12,1,13728,164736,2745.6,0,0,0.0,0.0,13,1.0,56,575,181920,28,31,5.0,36.0,110.6,4.0,1.0,0.2,3.0,75.32,2.0,4,Critical,Long Tenure + Support Escalation
A-90a8c8,Company_249,FinTech,AU,2024-08-24,organic,Pro,15,False,Active,129,4.2,7,7,0,26514,318168,1767.6,2,0,0.2857142857142857,0.0,5,0.7142857142857143,41,404,127486,20,23,4.0,45.0,29.5,3.25,0.0,0.0,1.0,0.0,0.0,0,Monitor,No Major Risk Signal
A-86cdb4,Company_250,DevTools,DE,2024-09-22,partner,Basic,2,False,Active,100,3.3,9,7,2,3551,42612,1775.5,0,0,0.0,0.0,9,1.0,49,492,167226,24,27,5.0,26.4,105.8,4.333333333333333,0.0,0.0,0.0,0.0,0.0,0,Monitor,No Major Risk Signal
A-4bfa33,Company_251,Cybersecurity,US,2024-12-07,event,Basic,8,True,Active,24,0.8,7,6,1,5606,67272,700.75,0,0,0.0,0.0,6,0.8571428571428571,36,329,78244,17,23,4.0,16.5,84.75,3.6666666666666665,0.0,0.0,3.0,99.76,0.0,0,Monitor,No Major Risk Signal
A-dbc825,Company_252,EdTech,FR,2024-01-07,partner,Enterprise,19,False,Active,359,11.8,16,12,4,42404,508848,2231.7894736842104,2,0,0.125,0.0,14,0.875,72,730,212801,58,34,6.0,49.5,108.16666666666667,4.0,1.0,0.16666666666666666,2.0,0.0,0.0,6,Critical,High Revenue + Long Tenure + Support Escalation
A-c70870,Company_253,Cybersecurity,US,2024-10-22,partner,Basic,31,False,Active,70,2.3,7,7,0,39614,475368,1277.8709677419354,2,1,0.2857142857142857,0.14285714285714285,7,1.0,34,334,106338,18,23,5.0,35.6,105.8,4.0,0.0,0.0,1.0,0.0,0.0,2,Priority,High Revenue
A-7c4956,Company_254,DevTools,US,2023-05-06,ads,Enterprise,5,False,Churned,605,19.9,8,5,3,3409,40908,681.8,0,0,0.0,0.0,6,0.75,45,475,129707,40,27,3.0,13.666666666666666,66.66666666666667,4.0,0.0,0.0,0.0,0.0,0.0,2,Priority,Long Tenure
A-0651a4,Company_255,HealthTech,FR,2024-10-16,organic,Pro,16,False,Active,76,2.5,15,14,1,44564,534768,2785.25,0,0,0.0,0.0,13,0.8666666666666667,69,705,201426,37,34,4.0,29.25,48.5,4.0,0.0,0.0,2.0,0.0,0.0,2,Priority,High Revenue
A-3ce5b8,Company_256,FinTech,IN,2023-09-07,ads,Basic,8,False,Churned,481,15.8,9,9,0,16650,199800,2081.25,0,0,0.0,0.0,9,1.0,50,509,147802,29,29,10.0,42.5,101.8,3.7142857142857144,0.0,0.0,1.0,261.49,0.0,2,Priority,Long Tenure
A-bd4708,Company_257,FinTech,US,2024-07-21,ads,Pro,37,True,Active,163,5.4,13,13,0,38975,467700,1053.3783783783783,1,0,0.07692307692307693,0.0,9,0.6923076923076923,64,653,201897,30,33,4.0,24.0,90.75,3.5,0.0,0.0,0.0,0.0,0.0,2,Priority,High Revenue
A-993085,Company_258,HealthTech,US,2023-06-01,ads,Basic,31,True,Active,579,19.0,15,14,1,48456,581472,1563.0967741935483,2,2,0.13333333333333333,0.13333333333333333,12,0.8,70,665,216015,50,33,4.0,46.5,82.0,3.5,0.0,0.0,2.0,0.0,0.0,4,Critical,High Revenue + Long Tenure
A-92a3af,Company_259,Cybersecurity,IN,2024-07-07,organic,Enterprise,25,False,Active,177,5.8,11,11,0,34538,414456,1381.52,0,2,0.0,0.18181818181818182,7,0.6363636363636364,67,714,218189,55,35,4.0,57.5,39.0,4.0,1.0,0.25,0.0,0.0,0.0,4,Critical,High Revenue + Support Escalation
A-151c9a,Company_260,FinTech,US,2023-01-27,ads,Enterprise,23,False,Active,704,23.1,5,5,0,14250,171000,619.5652173913044,0,1,0.0,0.2,4,0.8,34,366,120907,14,28,2.0,31.0,156.5,3.5,0.0,0.0,1.0,35.6,0.0,2,Priority,Long Tenure
A-474ad4,Company_261,EdTech,US,2023-11-28,organic,Basic,8,False,Active,399,13.1,15,13,2,12125,145500,1515.625,1,1,0.06666666666666667,0.06666666666666667,10,0.6666666666666666,64,605,183355,45,34,3.0,33.0,50.666666666666664,5.0,1.0,0.3333333333333333,0.0,0.0,0.0,4,Critical,Long Tenure + Support Escalation
A-4ef964,Company_262,HealthTech,US,2024-03-07,organic,Pro,17,False,Active,299,9.8,9,8,1,14279,171348,839.9411764705883,0,0,0.0,0.0,6,0.6666666666666666,49,487,150663,33,31,3.0,42.666666666666664,86.33333333333333,4.0,0.0,0.0,1.0,0.0,0.0,0,Monitor,No Major Risk Signal
A-fd9422,Company_263,Cybersecurity,US,2024-04-04,organic,Pro,58,False,Active,271,8.9,9,8,1,28130,337560,485.0,1,1,0.1111111111111111,0.1111111111111111,7,0.7777777777777778,44,456,143313,21,27,6.0,44.333333333333336,116.83333333333333,3.5,1.0,0.16666666666666666,0.0,0.0,0.0,2,Priority,Support Escalation
A-0baac2,Company_264,FinTech,DE,2024-05-30,organic,Enterprise,14,False,Churned,215,7.1,6,4,2,18500,222000,1321.4285714285713,0,0,0.0,0.0,6,1.0,21,202,73161,9,19,6.0,43.5,89.0,4.333333333333333,0.0,0.0,4.0,99.38000000000001,0.0,0,Monitor,No Major Risk Signal
A-bb1486,Company_265,HealthTech,US,2024-11-05,organic,Basic,41,False,Active,56,1.8,8,7,1,16307,195684,397.7317073170732,0,2,0.0,0.25,6,0.75,42,405,118945,36,24,3.0,11.0,78.0,3.0,0.0,0.0,2.0,0.0,1.0,0,Monitor,No Major Risk Signal
A-560d27,Company_266,DevTools,US,2024-05-05,organic,Pro,23,False,Active,240,7.9,12,11,1,41641,499692,1810.4782608695652,1,0,0.08333333333333333,0.0,7,0.5833333333333334,59,587,185616,38,27,4.0,30.75,59.75,3.6666666666666665,0.0,0.0,0.0,0.0,0.0,2,Priority,High Revenue
A-0b0d6d,Company_267,DevTools,US,2024-12-30,organic,Pro,3,False,Active,1,0.0,13,11,2,33491,401892,11163.666666666666,1,0,0.07692307692307693,0.0,13,1.0,62,582,162411,48,32,5.0,31.4,90.4,4.0,1.0,0.2,1.0,0.0,0.0,4,Critical,High Revenue + Support Escalation
A-2789e3,Company_268,FinTech,US,2024-09-14,partner,Enterprise,11,False,Active,108,3.5,12,12,0,24489,293868,2226.2727272727275,1,1,0.08333333333333333,0.08333333333333333,10,0.8333333333333334,65,680,205877,45,33,4.0,47.25,83.25,4.0,0.0,0.0,0.0,0.0,0.0,0,Monitor,No Major Risk Signal
A-b07346,Company_269,HealthTech,US,2024-10-10,partner,Pro,51,False,Churned,82,2.7,5,5,0,31416,376992,616.0,1,0,0.2,0.0,3,0.6,33,326,106943,22,23,3.0,42.333333333333336,76.66666666666667,3.5,0.0,0.0,1.0,0.0,0.0,2,Priority,High Revenue
A-902ef7,Company_270,HealthTech,US,2024-09-03,other,Enterprise,83,False,Churned,119,3.9,8,8,0,44322,531864,534.0,2,0,0.25,0.0,8,1.0,40,414,145878,24,31,2.0,48.5,85.0,4.0,0.0,0.0,1.0,0.0,0.0,2,Priority,High Revenue
A-20736a,Company_271,EdTech,IN,2024-03-16,organic,Enterprise,50,False,Active,290,9.5,7,7,0,40525,486300,810.5,1,1,0.14285714285714285,0.14285714285714285,7,1.0,42,430,108408,22,22,4.0,42.25,78.25,3.75,0.0,0.0,1.0,64.98,0.0,2,Priority,High Revenue
A-e4bf56,Company_272,HealthTech,IN,2024-10-28,ads,Pro,17,False,Churned,64,2.1,7,6,1,18926,227112,1113.2941176470588,0,1,0.0,0.14285714285714285,4,0.5714285714285714,33,339,115488,10,25,8.0,29.125,111.5,3.6666666666666665,0.0,0.0,0.0,0.0,0.0,0,Monitor,No Major Risk Signal
A-cea1f0,Company_273,FinTech,US,2024-04-07,event,Pro,8,False,Churned,268,8.8,10,10,0,12244,146928,1530.5,1,1,0.1,0.1,4,0.4,56,586,161188,28,28,5.0,42.2,107.4,4.333333333333333,0.0,0.0,0.0,0.0,0.0,0,Monitor,No Major Risk Signal
A-ef84cf,Company_274,EdTech,US,2024-03-01,partner,Enterprise,8,False,Active,305,10.0,5,4,1,7507,90084,938.375,0,1,0.0,0.2,3,0.6,28,309,100420,11,21,5.0,34.8,79.4,4.333333333333333,1.0,0.2,3.0,18.81,2.0,2,Priority,Support Escalation
A-d49cc5,Company_275,Cybersecurity,FR,2023-09-19,event,Basic,50,False,Active,469,15.4,8,8,0,13325,159900,266.5,0,0,0.0,0.0,7,0.875,41,436,142933,34,27,4.0,32.0,55.25,4.5,0.0,0.0,1.0,0.0,0.0,2,Priority,Long Tenure
A-67be94,Company_276,EdTech,US,2023-04-04,organic,Enterprise,26,False,Active,637,20.9,7,6,1,21930,263160,843.4615384615385,1,0,0.14285714285714285,0.0,6,0.8571428571428571,42,416,127197,17,26,5.0,38.6,51.0,4.0,0.0,0.0,2.0,88.27,0.0,2,Priority,Long Tenure
A-4e960a,Company_277,FinTech,US,2024-01-17,other,Enterprise,12,True,Churned,349,11.5,12,12,0,23942,287304,1995.1666666666667,0,1,0.0,0.08333333333333333,11,0.9166666666666666,49,512,153943,21,29,6.0,29.166666666666668,83.16666666666667,4.0,0.0,0.0,0.0,0.0,0.0,2,Priority,Long Tenure
A-c37cab,Company_278,Cybersecurity,UK,2024-07-29,event,Pro,13,False,Active,155,5.1,12,10,2,29433,353196,2264.076923076923,1,1,0.08333333333333333,0.08333333333333333,11,0.9166666666666666,70,708,203309,40,32,4.0,33.0,101.25,3.75,1.0,0.25,2.0,4.03,0.0,4,Critical,High Revenue + Support Escalation
A-533452,Company_279,DevTools,AU,2024-11-12,organic,Pro,9,False,Active,49,1.6,11,10,1,20664,247968,2296.0,1,2,0.09090909090909091,0.18181818181818182,10,0.9090909090909091,63,595,172726,44,32,4.0,32.75,35.5,4.0,0.0,0.0,4.0,147.54999999999998,1.0,0,Monitor,No Major Risk Signal
A-443b7c,Company_280,Cybersecurity,US,2024-09-06,other,Enterprise,1,False,Churned,116,3.8,16,14,2,24062,288744,24062.0,4,0,0.25,0.0,13,0.8125,63,618,195039,29,28,8.0,29.25,49.0,4.4,0.0,0.0,0.0,0.0,0.0,0,Monitor,No Major Risk Signal
A-1f7acb,Company_281,FinTech,UK,2023-08-06,ads,Basic,64,True,Active,513,16.9,8,8,0,46912,562944,733.0,1,3,0.125,0.375,6,0.75,53,510,164068,47,26,7.0,41.714285714285715,129.57142857142858,4.4,0.0,0.0,0.0,0.0,0.0,4,Critical,High Revenue + Long Tenure
A-f51f16,Company_282,HealthTech,US,2023-12-25,partner,Enterprise,1,False,Active,372,12.2,8,7,1,13310,159720,13310.0,2,0,0.25,0.0,7,0.875,37,384,146093,28,25,4.0,29.25,91.0,3.0,0.0,0.0,2.0,0.0,0.0,2,Priority,Long Tenure
A-5a3eb9,Company_283,DevTools,CA,2023-08-20,other,Enterprise,18,True,Active,499,16.4,13,12,1,20293,243516,1127.388888888889,0,2,0.0,0.15384615384615385,11,0.8461538461538461,69,722,216880,34,34,3.0,24.0,83.0,0.0,0.0,0.0,3.0,58.37,0.0,2,Priority,Long Tenure
A-5f2961,Company_284,HealthTech,US,2024-11-22,partner,Basic,4,False,Active,39,1.3,7,7,0,10299,123588,2574.75,0,0,0.0,0.0,6,0.8571428571428571,36,348,103023,19,22,1.0,53.0,19.0,0.0,0.0,0.0,1.0,6.6,0.0,0,Monitor,No Major Risk Signal
A-417d2f,Company_285,Cybersecurity,IN,2023-07-04,partner,Pro,4,True,Active,546,17.9,16,15,1,22933,275196,5733.25,1,0,0.0625,0.0,13,0.8125,71,722,206401,31,37,6.0,43.5,80.5,4.333333333333333,0.0,0.0,1.0,0.0,0.0,2,Priority,Long Tenure
A-e98302,Company_286,EdTech,US,2023-12-26,ads,Enterprise,16,True,Active,371,12.2,6,5,1,12567,150804,785.4375,0,0,0.0,0.0,5,0.8333333333333334,30,273,88751,18,21,9.0,44.44444444444444,99.44444444444444,4.142857142857143,0.0,0.0,0.0,0.0,0.0,2,Priority,Long Tenure
A-8bde0c,Company_287,DevTools,US,2024-11-04,organic,Basic,12,False,Active,57,1.9,18,16,2,34198,410376,2849.8333333333335,2,0,0.1111111111111111,0.0,15,0.8333333333333334,80,773,240908,43,34,3.0,25.666666666666668,86.33333333333333,4.0,0.0,0.0,2.0,0.0,0.0,2,Priority,High Revenue
A-bcf87c,Company_288,FinTech,US,2024-06-27,event,Pro,10,False,Churned,187,6.1,11,9,2,21770,261240,2177.0,0,1,0.0,0.09090909090909091,8,0.7272727272727273,54,503,147590,19,26,2.0,63.0,49.5,4.0,0.0,0.0,0.0,0.0,0.0,0,Monitor,No Major Risk Signal
A-54ecc2,Company_289,Cybersecurity,US,2023-06-11,partner,Enterprise,4,False,Active,569,18.7,11,11,0,16168,194016,4042.0,0,1,0.0,0.09090909090909091,10,0.9090909090909091,56,607,183498,39,28,5.0,37.4,72.0,5.0,0.0,0.0,3.0,0.0,0.0,2,Priority,Long Tenure
A-625d0b,Company_290,EdTech,AU,2024-09-02,ads,Basic,9,False,Active,120,3.9,11,10,1,11893,142716,1321.4444444444443,0,0,0.0,0.0,10,0.9090909090909091,54,529,141489,38,32,5.0,48.4,72.4,3.0,0.0,0.0,0.0,0.0,0.0,0,Monitor,No Major Risk Signal
A-fce879,Company_291,EdTech,UK,2024-09-24,partner,Pro,10,True,Churned,98,3.2,5,5,0,6797,81564,679.7,0,1,0.0,0.2,5,1.0,27,299,98740,14,25,2.0,28.0,61.5,4.0,0.0,0.0,2.0,0.0,0.0,0,Monitor,No Major Risk Signal
A-b07b56,Company_292,DevTools,US,2024-11-08,event,Pro,25,False,Churned,53,1.7,15,14,1,16984,203808,679.36,0,0,0.0,0.0,12,0.8,64,633,185462,39,32,4.0,31.25,93.75,3.0,0.0,0.0,1.0,0.0,0.0,0,Monitor,No Major Risk Signal
A-6da850,Company_293,FinTech,IN,2023-10-07,organic,Pro,5,False,Active,451,14.8,16,13,3,18559,222708,3711.8,3,1,0.1875,0.0625,12,0.75,70,714,186370,54,30,5.0,49.0,76.4,4.0,0.0,0.0,3.0,0.0,0.0,2,Priority,Long Tenure
A-342303,Company_294,EdTech,US,2024-03-16,other,Pro,1,True,Active,290,9.5,3,3,0,1695,20340,1695.0,0,0,0.0,0.0,3,1.0,15,141,23149,5,12,3.0,29.333333333333332,71.33333333333333,4.5,0.0,0.0,1.0,0.0,0.0,0,Monitor,No Major Risk Signal
A-e7a1e2,Company_295,Cybersecurity,US,2024-06-23,event,Enterprise,3,False,Active,191,6.3,12,11,1,20042,240504,6680.666666666667,0,0,0.0,0.0,10,0.8333333333333334,68,703,220928,36,36,1.0,45.0,37.0,4.0,0.0,0.0,3.0,6.2,1.0,0,Monitor,No Major Risk Signal
A-f1f639,Company_296,EdTech,US,2023-02-26,ads,Basic,2,False,Active,674,22.1,4,4,0,2919,35028,1459.5,1,0,0.25,0.0,4,1.0,14,139,43097,10,12,7.0,20.0,67.57142857142857,4.8,0.0,0.0,2.0,0.0,1.0,2,Priority,Long Tenure
A-a865bd,Company_297,Cybersecurity,US,2023-09-19,organic,Pro,38,False,Active,469,15.4,5,5,0,21022,252264,553.2105263157895,0,0,0.0,0.0,3,0.6,24,230,60120,13,19,2.0,31.5,21.5,3.0,0.0,0.0,2.0,0.0,0.0,2,Priority,Long Tenure
A-4e631b,Company_298,FinTech,US,2024-03-16,other,Enterprise,22,False,Active,290,9.5,11,11,0,24398,292776,1109.0,1,1,0.09090909090909091,0.09090909090909091,8,0.7272727272727273,49,502,154668,29,32,2.0,24.5,52.0,4.0,0.0,0.0,0.0,0.0,0.0,0,Monitor,No Major Risk Signal
A-7f6b86,Company_299,HealthTech,US,2023-08-24,partner,Basic,45,True,Churned,495,16.3,9,8,1,19402,232824,431.15555555555557,3,0,0.3333333333333333,0.0,7,0.7777777777777778,41,420,144249,14,27,7.0,40.42857142857143,96.57142857142857,3.6666666666666665,0.0,0.0,1.0,5.27,0.0,2,Priority,Long Tenure
A-8adedc,Company_300,EdTech,US,2024-02-11,event,Basic,4,True,Churned,324,10.6,14,12,2,28328,339936,7082.0,0,0,0.0,0.0,13,0.9285714285714286,61,583,165997,33,32,4.0,49.25,56.75,4.0,0.0,0.0,0.0,0.0,0.0,2,Priority,Long Tenure
A-2edab2,Company_301,HealthTech,US,2023-11-17,event,Enterprise,17,False,Active,410,13.5,10,9,1,11390,136680,670.0,1,0,0.1,0.0,9,0.9,47,487,160804,26,28,4.0,30.0,102.25,3.0,0.0,0.0,2.0,168.73,0.0,2,Priority,Long Tenure
A-149a69,Company_302,DevTools,US,2024-10-17,event,Basic,34,False,Active,75,2.5,3,3,0,8058,96696,237.0,0,0,0.0,0.0,1,0.3333333333333333,18,208,59894,9,18,8.0,33.875,120.875,4.2,0.0,0.0,1.0,0.0,0.0,0,Monitor,No Major Risk Signal
A-a6d261,Company_303,FinTech,CA,2023-11-29,other,Pro,9,False,Active,398,13.1,14,13,1,38191,458292,4243.444444444444,3,0,0.21428571428571427,0.0,13,0.9285714285714286,63,627,189235,29,36,4.0,40.0,63.25,4.666666666666667,1.0,0.25,1.0,99.94,0.0,6,Critical,High Revenue + Long Tenure + Support Escalation
A-443f6f,Company_304,Cybersecurity,US,2024-12-07,organic,Basic,19,False,Active,24,0.8,9,8,1,13594,163128,715.4736842105264,1,0,0.1111111111111111,0.0,7,0.7777777777777778,56,527,158149,28,31,4.0,28.0,122.25,4.666666666666667,0.0,0.0,0.0,0.0,0.0,0,Monitor,No Major Risk Signal
A-202b67,Company_305,HealthTech,US,2024-03-22,organic,Pro,11,False,Active,284,9.3,9,8,1,18168,218016,1651.6363636363637,1,0,0.1111111111111111,0.0,8,0.8888888888888888,46,447,110514,40,29,4.0,36.75,90.5,4.666666666666667,0.0,0.0,2.0,78.87,0.0,0,Monitor,No Major Risk Signal
A-00bed1,Company_306,Cybersecurity,US,2023-11-14,ads,Basic,28,True,Active,413,13.6,10,10,0,33506,402072,1196.642857142857,3,0,0.3,0.0,9,0.9,51,514,143734,27,32,4.0,31.75,106.25,4.0,0.0,0.0,1.0,21.17,0.0,4,Critical,High Revenue + Long Tenure
A-ffc04f,Company_307,EdTech,US,2024-06-06,ads,Pro,13,False,Active,208,6.8,15,13,2,20039,240468,1541.4615384615386,0,1,0.0,0.06666666666666667,8,0.5333333333333333,86,857,277347,64,37,7.0,17.714285714285715,58.57142857142857,4.5,1.0,0.14285714285714285,1.0,0.0,0.0,2,Priority,Support Escalation
A-65c341,Company_308,FinTech,US,2023-12-26,ads,Pro,11,True,Active,371,12.2,8,6,2,30546,366552,2776.909090909091,0,0,0.0,0.0,8,1.0,38,410,147068,18,25,5.0,41.4,87.8,4.0,0.0,0.0,2.0,0.0,0.0,4,Critical,High Revenue + Long Tenure
A-dcc2f0,Company_309,FinTech,UK,2023-07-22,organic,Basic,15,False,Active,528,17.3,15,14,1,17493,209916,1166.2,2,0,0.13333333333333333,0.0,13,0.8666666666666667,76,833,243699,26,35,2.0,27.0,100.0,0.0,0.0,0.0,1.0,0.0,0.0,2,Priority,Long Tenure
A-ced9aa,Company_310,DevTools,US,2024-10-05,other,Enterprise,3,False,Active,87,2.9,11,9,2,6252,75024,2084.0,0,0,0.0,0.0,11,1.0,55,531,166970,39,33,7.0,28.857142857142858,102.85714285714286,3.0,0.0,0.0,0.0,0.0,0.0,0,Monitor,No Major Risk Signal
A-3d957b,Company_311,HealthTech,UK,2024-04-04,other,Pro,14,False,Active,271,8.9,6,5,1,11852,142224,846.5714285714286,3,0,0.5,0.0,4,0.6666666666666666,15,143,43699,13,13,3.0,41.333333333333336,79.33333333333333,3.0,0.0,0.0,1.0,0.0,0.0,0,Monitor,No Major Risk Signal
A-89ee83,Company_312,Cybersecurity,US,2024-10-04,organic,Pro,1,False,Churned,88,2.9,11,9,2,24907,298884,24907.0,3,0,0.2727272727272727,0.0,11,1.0,59,565,172626,26,28,5.0,21.8,66.2,4.0,1.0,0.2,0.0,0.0,0.0,2,Priority,Support Escalation
A-883b7d,Company_313,Cybersecurity,IN,2024-03-28,other,Basic,17,False,Active,278,9.1,12,11,1,30524,366288,1795.5294117647059,0,0,0.0,0.0,9,0.75,66,644,189514,40,35,7.0,25.571428571428573,62.285714285714285,3.6,1.0,0.14285714285714285,0.0,0.0,0.0,4,Critical,High Revenue + Support Escalation
A-dcc3f1,Company_314,HealthTech,US,2023-12-27,event,Pro,21,False,Active,370,12.2,8,8,0,12747,152964,607.0,0,1,0.0,0.125,6,0.75,48,500,137958,32,31,9.0,35.666666666666664,83.44444444444444,3.8,0.0,0.0,2.0,0.0,0.0,2,Priority,Long Tenure
A-c62e55,Company_315,EdTech,US,2023-02-08,partner,Basic,1,True,Active,692,22.7,9,9,0,11902,142824,11902.0,1,0,0.1111111111111111,0.0,7,0.7777777777777778,32,337,87045,13,24,4.0,27.5,101.25,4.0,0.0,0.0,0.0,0.0,0.0,2,Priority,Long Tenure
A-e4144b,Company_316,EdTech,UK,2024-10-22,other,Pro,41,False,Active,70,2.3,10,10,0,35424,425088,864.0,1,0,0.1,0.0,8,0.8,43,439,133397,21,26,3.0,57.0,172.33333333333334,4.0,0.0,0.0,0.0,0.0,0.0,2,Priority,High Revenue
A-e40f45,Company_317,HealthTech,US,2024-04-18,organic,Pro,21,False,Active,257,8.4,7,6,1,11825,141900,563.0952380952381,3,0,0.42857142857142855,0.0,6,0.8571428571428571,45,401,122954,26,29,7.0,26.714285714285715,96.28571428571429,4.333333333333333,0.0,0.0,1.0,101.23,0.0,0,Monitor,No Major Risk Signal
A-96215d,Company_318,FinTech,US,2024-08-08,event,Enterprise,10,False,Active,145,4.8,6,6,0,10312,123744,1031.2,1,0,0.16666666666666666,0.0,3,0.5,32,347,104442,21,20,1.0,25.0,115.0,3.0,0.0,0.0,0.0,0.0,0.0,0,Monitor,No Major Risk Signal
A-2b9d3e,Company_319,EdTech,US,2023-06-04,partner,Enterprise,1,False,Active,576,18.9,9,9,0,5142,61704,5142.0,1,0,0.1111111111111111,0.0,8,0.8888888888888888,45,444,142589,19,26,3.0,34.666666666666664,79.33333333333333,5.0,0.0,0.0,0.0,0.0,0.0,2,Priority,Long Tenure
A-b7724f,Company_320,HealthTech,UK,2023-03-28,organic,Basic,1,False,Active,644,21.2,8,5,3,3222,38664,3222.0,0,0,0.0,0.0,7,0.875,38,380,93251,16,28,3.0,28.666666666666668,92.0,3.0,0.0,0.0,3.0,242.55,1.0,2,Priority,Long Tenure
A-310452,Company_321,DevTools,FR,2024-12-25,other,Enterprise,9,False,Active,6,0.2,5,5,0,11003,132036,1222.5555555555557,0,0,0.0,0.0,4,0.8,25,268,65581,16,20,5.0,34.2,113.6,3.6,0.0,0.0,2.0,0.0,0.0,0,Monitor,No Major Risk Signal
A-eb1312,Company_322,FinTech,US,2024-09-16,partner,Pro,25,False,Active,106,3.5,12,11,1,18147,217764,725.88,1,0,0.08333333333333333,0.0,10,0.8333333333333334,65,663,188047,38,31,1.0,68.0,117.0,5.0,0.0,0.0,2.0,0.0,0.0,0,Monitor,No Major Risk Signal
A-df1e44,Company_323,Cybersecurity,UK,2024-02-23,organic,Enterprise,12,False,Active,312,10.2,11,10,1,13107,157284,1092.25,1,1,0.09090909090909091,0.09090909090909091,8,0.7272727272727273,42,420,122432,14,25,2.0,53.0,109.5,5.0,0.0,0.0,2.0,0.0,0.0,0,Monitor,No Major Risk Signal
A-6a7c9d,Company_324,Cybersecurity,US,2024-10-24,organic,Enterprise,26,False,Churned,68,2.2,5,4,1,13028,156336,501.0769230769231,0,0,0.0,0.0,5,1.0,19,189,65006,6,15,3.0,34.333333333333336,60.0,4.0,0.0,0.0,2.0,178.84,0.0,0,Monitor,No Major Risk Signal
A-cbd1a3,Company_325,DevTools,US,2024-11-25,other,Basic,6,False,Churned,36,1.2,10,10,0,16351,196212,2725.1666666666665,2,0,0.2,0.0,8,0.8,45,465,128809,32,29,4.0,34.5,81.75,4.0,0.0,0.0,0.0,0.0,0.0,0,Monitor,No Major Risk Signal
A-a8d89d,Company_326,EdTech,US,2023-12-08,ads,Pro,13,False,Active,389,12.8,12,12,0,29320,351840,2255.3846153846152,2,0,0.16666666666666666,0.0,11,0.9166666666666666,54,551,170966,26,32,2.0,44.5,139.0,5.0,0.0,0.0,2.0,0.0,0.0,4,Critical,High Revenue + Long Tenure
A-600734,Company_327,DevTools,US,2023-11-14,organic,Pro,29,True,Churned,413,13.6,13,11,2,18132,217584,625.2413793103449,2,0,0.15384615384615385,0.0,10,0.7692307692307693,69,660,190076,30,33,7.0,52.57142857142857,89.42857142857143,3.6666666666666665,1.0,0.14285714285714285,0.0,0.0,0.0,4,Critical,Long Tenure + Support Escalation
A-86fc1d,Company_328,DevTools,UK,2024-07-26,partner,Basic,26,False,Active,158,5.2,9,7,2,15181,182172,583.8846153846154,3,0,0.3333333333333333,0.0,8,0.8888888888888888,37,363,111108,26,26,5.0,27.0,59.2,4.0,0.0,0.0,1.0,0.0,0.0,0,Monitor,No Major Risk Signal
A-78f02b,Company_329,HealthTech,US,2024-11-17,event,Enterprise,11,False,Active,44,1.4,4,4,0,15081,180972,1371.0,1,0,0.25,0.0,3,0.75,20,211,62349,16,17,4.0,45.75,55.0,4.0,0.0,0.0,2.0,0.0,0.0,0,Monitor,No Major Risk Signal
A-acb7f7,Company_330,EdTech,US,2024-01-06,ads,Basic,32,False,Active,360,11.8,12,12,0,32574,390888,1017.9375,2,1,0.16666666666666666,0.08333333333333333,10,0.8333333333333334,62,612,176628,36,33,3.0,41.0,91.0,3.5,0.0,0.0,1.0,0.0,0.0,4,Critical,High Revenue + Long Tenure
A-712f1c,Company_331,DevTools,US,2023-12-16,ads,Basic,17,False,Churned,381,12.5,12,11,1,42999,515988,2529.3529411764707,2,0,0.16666666666666666,0.0,10,0.8333333333333334,68,631,181302,34,32,6.0,41.666666666666664,88.83333333333333,4.0,0.0,0.0,1.0,68.99,0.0,4,Critical,High Revenue + Long Tenure
A-3793ee,Company_332,Cybersecurity,CA,2023-03-21,organic,Enterprise,49,True,Active,651,21.4,7,6,1,26705,320460,545.0,1,1,0.14285714285714285,0.14285714285714285,6,0.8571428571428571,38,352,97381,11,25,4.0,43.75,100.25,4.0,0.0,0.0,1.0,0.0,0.0,2,Priority,Long Tenure
A-9a532a,Company_333,HealthTech,US,2024-07-06,partner,Enterprise,11,False,Active,178,5.8,4,4,0,10945,131340,995.0,0,0,0.0,0.0,4,1.0,18,185,75595,15,16,2.0,57.5,128.5,0.0,0.0,0.0,0.0,0.0,0.0,0,Monitor,No Major Risk Signal
A-2ebb4b,Company_334,HealthTech,US,2023-05-15,ads,Basic,41,False,Active,596,19.6,10,9,1,30688,368256,748.4878048780488,1,0,0.1,0.0,10,1.0,50,488,143502,33,27,2.0,43.5,136.5,3.0,0.0,0.0,3.0,0.0,1.0,4,Critical,High Revenue + Long Tenure
A-6843f2,Company_335,HealthTech,CA,2024-12-10,ads,Enterprise,21,False,Active,21,0.7,9,9,0,16520,198240,786.6666666666666,0,1,0.0,0.1111111111111111,9,1.0,46,481,126424,17,24,2.0,36.5,78.0,3.0,0.0,0.0,0.0,0.0,0.0,0,Monitor,No Major Risk Signal
A-c9bb3e,Company_336,EdTech,US,2024-03-24,ads,Pro,5,False,Active,282,9.3,10,9,1,15217,182604,3043.4,1,0,0.1,0.0,9,0.9,46,474,171153,20,27,7.0,27.714285714285715,86.14285714285714,4.2,1.0,0.14285714285714285,2.0,0.0,0.0,2,Priority,Support Escalation
A-4814a3,Company_337,Cybersecurity,IN,2024-09-17,event,Basic,87,False,Churned,105,3.4,11,10,1,87957,1055484,1011.0,2,1,0.18181818181818182,0.09090909090909091,8,0.7272727272727273,60,587,168767,45,35,4.0,18.75,97.0,4.0,1.0,0.25,1.0,0.0,0.0,4,Critical,High Revenue + Support Escalation
A-b7b7b7,Company_338,FinTech,US,2024-06-30,event,Basic,24,False,Churned,184,6.0,12,12,0,28558,342696,1189.9166666666667,1,0,0.08333333333333333,0.0,11,0.9166666666666666,55,571,166390,26,31,3.0,17.0,99.0,5.0,0.0,0.0,0.0,0.0,0.0,0,Monitor,No Major Risk Signal
A-ccc747,Company_339,HealthTech,FR,2024-01-12,event,Pro,16,False,Churned,354,11.6,6,5,1,4812,57744,300.75,2,0,0.3333333333333333,0.0,2,0.3333333333333333,30,284,89582,13,23,4.0,32.25,83.25,5.0,1.0,0.25,3.0,104.25,0.0,4,Critical,Long Tenure + Support Escalation
A-bb3bd4,Company_340,HealthTech,US,2024-01-27,ads,Basic,23,False,Active,339,11.1,7,7,0,7452,89424,324.0,2,0,0.2857142857142857,0.0,7,1.0,30,315,93609,11,18,11.0,32.72727272727273,106.36363636363636,4.142857142857143,0.0,0.0,2.0,0.0,0.0,2,Priority,Long Tenure
A-09316c,Company_341,FinTech,AU,2024-09-11,organic,Enterprise,70,False,Active,111,3.6,11,11,0,70000,840000,1000.0,2,0,0.18181818181818182,0.0,10,0.9090909090909091,54,566,149461,31,28,4.0,54.75,106.25,3.75,1.0,0.25,1.0,0.0,0.0,4,Critical,High Revenue + Support Escalation
A-96bbc6,Company_342,Cybersecurity,US,2024-05-07,organic,Enterprise,39,False,Active,238,7.8,8,8,0,30426,365112,780.1538461538462,3,1,0.375,0.125,7,0.875,49,482,152806,25,30,3.0,51.333333333333336,67.0,3.3333333333333335,0.0,0.0,3.0,125.6,1.0,2,Priority,High Revenue
A-bc4d48,Company_343,EdTech,US,2024-06-12,ads,Pro,35,True,Active,202,6.6,7,7,0,12390,148680,354.0,1,0,0.14285714285714285,0.0,4,0.5714285714285714,32,321,89391,9,24,6.0,41.166666666666664,65.83333333333333,4.2,1.0,0.16666666666666666,0.0,0.0,0.0,2,Priority,Support Escalation
A-b30291,Company_344,HealthTech,US,2024-04-05,event,Basic,5,True,Churned,270,8.9,10,9,1,5375,64500,1075.0,0,0,0.0,0.0,10,1.0,48,519,161097,31,26,1.0,16.0,1.0,0.0,0.0,0.0,1.0,277.54,0.0,0,Monitor,No Major Risk Signal
A-cdf020,Company_345,DevTools,AU,2023-08-16,organic,Pro,23,False,Active,503,16.5,8,5,3,18072,216864,785.7391304347826,2,0,0.25,0.0,6,0.75,40,379,119522,18,25,4.0,29.5,39.25,4.0,0.0,0.0,2.0,105.26,1.0,2,Priority,Long Tenure
A-e6afc1,Company_346,DevTools,US,2023-02-24,ads,Pro,1,False,Active,676,22.2,11,11,0,22582,270984,22582.0,0,0,0.0,0.0,9,0.8181818181818182,71,679,196287,30,32,0.0,0.0,0.0,0.0,0.0,0.0,0.0,0.0,0.0,2,Priority,Long Tenure
A-e3bd71,Company_347,Cybersecurity,US,2023-03-25,partner,Basic,31,False,Active,647,21.3,11,10,1,41630,499560,1342.9032258064517,1,1,0.09090909090909091,0.09090909090909091,8,0.7272727272727273,61,638,187024,27,32,4.0,30.25,119.0,4.0,0.0,0.0,1.0,0.0,0.0,4,Critical,High Revenue + Long Tenure
A-b179bf,Company_348,Cybersecurity,IN,2024-10-27,ads,Basic,43,False,Active,65,2.1,5,5,0,17931,215172,417.0,0,0,0.0,0.0,5,1.0,39,398,110855,18,23,6.0,24.666666666666668,94.33333333333333,4.0,0.0,0.0,3.0,0.0,0.0,0,Monitor,No Major Risk Signal
A-098560,Company_349,DevTools,UK,2023-10-21,ads,Enterprise,1,False,Churned,437,14.4,11,10,1,12326,147912,12326.0,1,0,0.09090909090909091,0.0,8,0.7272727272727273,55,567,174302,32,32,2.0,28.0,100.0,3.0,1.0,0.5,2.0,34.35,0.0,4,Critical,Long Tenure + Support Escalation
A-82861f,Company_350,DevTools,UK,2024-04-25,organic,Basic,41,False,Active,250,8.2,10,7,3,43633,523596,1064.219512195122,0,0,0.0,0.0,8,0.8,50,462,130873,43,28,5.0,24.4,55.0,3.2,0.0,0.0,1.0,0.0,0.0,2,Priority,High Revenue
A-94c3cd,Company_351,FinTech,CA,2023-09-20,other,Enterprise,32,False,Active,468,15.4,6,6,0,9036,108432,282.375,0,0,0.0,0.0,4,0.6666666666666666,31,306,104197,18,18,4.0,44.75,116.5,3.5,1.0,0.25,0.0,0.0,0.0,4,Critical,Long Tenure + Support Escalation
A-a33200,Company_352,HealthTech,US,2024-09-15,partner,Basic,29,False,Active,107,3.5,12,11,1,28913,346956,997.0,1,0,0.08333333333333333,0.0,9,0.75,55,517,150997,26,33,3.0,36.333333333333336,88.33333333333333,4.5,0.0,0.0,1.0,21.61,0.0,2,Priority,High Revenue
A-034368,Company_353,EdTech,US,2023-11-05,event,Enterprise,19,False,Active,422,13.9,5,5,0,11194,134328,589.1578947368421,0,0,0.0,0.0,4,0.8,28,265,80423,25,20,5.0,41.2,91.8,4.0,0.0,0.0,1.0,0.0,0.0,2,Priority,Long Tenure
A-b54c01,Company_354,DevTools,US,2024-09-29,event,Enterprise,29,False,Active,93,3.1,4,4,0,3393,40716,117.0,0,0,0.0,0.0,3,0.75,23,226,64973,17,15,5.0,42.6,77.2,3.0,0.0,0.0,1.0,0.0,0.0,0,Monitor,No Major Risk Signal
A-d82ef9,Company_355,EdTech,UK,2024-07-02,other,Basic,26,False,Churned,182,6.0,14,13,1,14327,171924,551.0384615384615,1,2,0.07142857142857142,0.14285714285714285,9,0.6428571428571429,68,679,194022,46,32,5.0,39.8,91.6,4.25,1.0,0.2,1.0,74.94,0.0,2,Priority,Support Escalation
A-bb2f49,Company_356,Cybersecurity,US,2023-05-28,other,Pro,8,False,Active,583,19.2,11,10,1,23990,287880,2998.75,2,1,0.18181818181818182,0.09090909090909091,10,0.9090909090909091,60,618,190070,42,31,3.0,22.333333333333332,102.33333333333333,4.0,0.0,0.0,0.0,0.0,0.0,2,Priority,Long Tenure
A-1f559b,Company_357,HealthTech,US,2023-09-04,organic,Enterprise,5,True,Churned,484,15.9,10,8,2,11756,141072,2351.2,0,1,0.0,0.1,6,0.6,40,400,117267,27,29,5.0,50.4,116.2,4.2,0.0,0.0,1.0,0.0,0.0,2,Priority,Long Tenure
A-5a215a,Company_358,EdTech,FR,2024-01-05,other,Enterprise,87,False,Active,361,11.9,18,12,6,130152,1561824,1496.0,2,0,0.1111111111111111,0.0,15,0.8333333333333334,80,807,271652,71,32,4.0,29.5,38.0,4.0,0.0,0.0,0.0,0.0,0.0,4,Critical,High Revenue + Long Tenure
A-3f9cc0,Company_359,HealthTech,US,2024-06-03,event,Basic,22,False,Active,211,6.9,7,7,0,19940,239280,906.3636363636364,1,2,0.14285714285714285,0.2857142857142857,5,0.7142857142857143,42,407,124321,24,25,5.0,34.8,112.6,4.5,1.0,0.2,3.0,0.0,1.0,2,Priority,Support Escalation
A-f9cc74,Company_360,DevTools,FR,2024-10-12,partner,Enterprise,30,True,Active,80,2.6,10,9,1,15557,186684,518.5666666666667,1,0,0.1,0.0,8,0.8,50,484,130826,22,30,6.0,49.833333333333336,118.33333333333333,4.0,0.0,0.0,0.0,0.0,0.0,0,Monitor,No Major Risk Signal
A-ed510f,Company_361,Cybersecurity,IN,2023-01-17,partner,Basic,42,False,Active,714,23.5,10,9,1,36162,433944,861.0,2,0,0.2,0.0,7,0.7,49,493,160744,28,27,9.0,44.55555555555556,82.55555555555556,4.0,0.0,0.0,1.0,0.0,0.0,4,Critical,High Revenue + Long Tenure
A-5c9849,Company_362,EdTech,IN,2024-11-03,partner,Basic,19,False,Active,58,1.9,9,8,1,36755,441060,1934.4736842105262,2,0,0.2222222222222222,0.0,7,0.7777777777777778,46,473,151483,23,30,4.0,59.5,41.0,0.0,1.0,0.25,1.0,0.0,0.0,4,Critical,High Revenue + Support Escalation
A-a7bd4b,Company_363,Cybersecurity,US,2023-02-15,ads,Enterprise,5,False,Active,685,22.5,11,8,3,6268,75216,1253.6,2,0,0.18181818181818182,0.0,9,0.8181818181818182,55,576,166772,37,29,6.0,36.833333333333336,86.16666666666667,3.25,0.0,0.0,1.0,0.0,0.0,2,Priority,Long Tenure
A-d4ac0e,Company_364,DevTools,UK,2024-04-20,ads,Basic,18,False,Active,255,8.4,19,18,1,27557,330684,1530.9444444444443,3,0,0.15789473684210525,0.0,17,0.8947368421052632,80,793,245619,53,38,4.0,21.0,34.0,3.5,0.0,0.0,0.0,0.0,0.0,0,Monitor,No Major Risk Signal
A-ffdfd5,Company_365,EdTech,US,2024-04-13,organic,Basic,3,False,Churned,262,8.6,10,9,1,14322,171864,4774.0,1,0,0.1,0.0,8,0.8,52,529,139609,28,29,0.0,0.0,0.0,0.0,0.0,0.0,1.0,0.0,0.0,0,Monitor,No Major Risk Signal
A-0dbdc6,Company_366,Cybersecurity,DE,2023-02-12,other,Pro,30,False,Churned,688,22.6,9,9,0,28273,339276,942.4333333333333,0,0,0.0,0.0,8,0.8888888888888888,52,512,155107,31,32,4.0,47.0,95.25,5.0,0.0,0.0,2.0,175.02,0.0,2,Priority,Long Tenure
A-7cfe77,Company_367,DevTools,US,2024-07-10,ads,Pro,69,False,Active,174,5.7,5,5,0,12765,153180,185.0,1,1,0.2,0.2,5,1.0,19,205,57582,11,16,7.0,30.714285714285715,105.57142857142857,3.5,0.0,0.0,2.0,0.0,0.0,0,Monitor,No Major Risk Signal
A-1f0636,Company_368,EdTech,AU,2024-01-01,partner,Pro,105,False,Active,365,12.0,11,10,1,94710,1136520,902.0,3,0,0.2727272727272727,0.0,9,0.8181818181818182,68,685,212120,30,32,2.0,38.5,75.0,3.5,0.0,0.0,0.0,0.0,0.0,4,Critical,High Revenue + Long Tenure
A-40de06,Company_369,Cybersecurity,US,2023-05-08,event,Enterprise,28,False,Churned,603,19.8,16,14,2,28862,346344,1030.7857142857142,2,1,0.125,0.0625,13,0.8125,91,902,267400,43,37,3.0,40.333333333333336,67.66666666666667,4.0,0.0,0.0,0.0,0.0,0.0,2,Priority,Long Tenure
A-cb5333,Company_370,DevTools,US,2024-03-26,ads,Pro,33,False,Active,280,9.2,16,15,1,26256,315072,795.6363636363636,0,1,0.0,0.0625,12,0.75,82,796,263767,34,36,4.0,30.75,85.75,3.0,0.0,0.0,1.0,0.0,0.0,0,Monitor,No Major Risk Signal
A-309e54,Company_371,DevTools,US,2024-12-09,other,Pro,15,False,Active,22,0.7,11,10,1,28549,342588,1903.2666666666667,0,1,0.0,0.09090909090909091,11,1.0,52,509,168199,24,28,5.0,23.8,90.2,3.0,0.0,0.0,1.0,106.67,0.0,0,Monitor,No Major Risk Signal
A-6e7827,Company_372,DevTools,US,2023-03-26,other,Basic,1,False,Active,646,21.2,9,8,1,8344,100128,8344.0,3,0,0.3333333333333333,0.0,7,0.7777777777777778,41,419,123307,31,24,2.0,51.0,83.5,3.5,0.0,0.0,2.0,0.0,0.0,2,Priority,Long Tenure
A-50bb9f,Company_373,Cybersecurity,US,2024-07-12,organic,Pro,2,False,Active,172,5.7,8,7,1,17263,207156,8631.5,2,0,0.25,0.0,7,0.875,24,276,99328,15,18,7.0,33.285714285714285,74.71428571428571,4.0,0.0,0.0,2.0,0.0,1.0,0,Monitor,No Major Risk Signal
A-5fe118,Company_374,Cybersecurity,US,2024-11-07,other,Enterprise,39,False,Active,54,1.8,5,5,0,22290,267480,571.5384615384615,0,0,0.0,0.0,4,0.8,21,233,59902,12,14,1.0,19.0,26.0,4.0,0.0,0.0,1.0,114.86,0.0,0,Monitor,No Major Risk Signal
A-5247b3,Company_375,FinTech,UK,2024-03-12,partner,Pro,16,True,Active,294,9.7,11,10,1,11791,141492,736.9375,3,0,0.2727272727272727,0.0,10,0.9090909090909091,60,610,177212,29,32,5.0,45.8,96.6,4.0,0.0,0.0,2.0,28.84,0.0,0,Monitor,No Major Risk Signal
A-f44180,Company_376,Cybersecurity,UK,2023-02-13,event,Pro,9,False,Active,687,22.6,11,9,2,28788,345456,3198.6666666666665,0,0,0.0,0.0,8,0.7272727272727273,52,520,164121,22,27,2.0,46.5,123.0,5.0,0.0,0.0,1.0,38.15,0.0,2,Priority,Long Tenure
A-c16cf7,Company_377,EdTech,US,2024-10-16,event,Pro,13,True,Active,76,2.5,10,9,1,12274,147288,944.1538461538462,0,0,0.0,0.0,8,0.8,58,577,144846,26,33,3.0,48.333333333333336,111.66666666666667,3.5,0.0,0.0,2.0,0.0,0.0,0,Monitor,No Major Risk Signal
A-d42431,Company_378,FinTech,FR,2024-06-09,ads,Enterprise,22,True,Active,205,6.7,9,8,1,21160,253920,961.8181818181819,1,1,0.1111111111111111,0.1111111111111111,7,0.7777777777777778,47,457,133864,34,26,4.0,24.25,119.5,4.0,0.0,0.0,2.0,17.42,0.0,0,Monitor,No Major Risk Signal
A-6965e1,Company_379,DevTools,US,2024-11-25,organic,Basic,13,False,Active,36,1.2,12,12,0,27765,333180,2135.769230769231,1,1,0.08333333333333333,0.08333333333333333,8,0.6666666666666666,59,627,188154,29,27,3.0,39.0,128.33333333333334,3.0,0.0,0.0,3.0,0.0,0.0,0,Monitor,No Major Risk Signal
A-0354fe,Company_380,Cybersecurity,US,2024-10-22,other,Basic,34,False,Active,70,2.3,7,6,1,15470,185640,455.0,1,0,0.14285714285714285,0.0,5,0.7142857142857143,45,463,152435,30,28,4.0,20.0,69.25,4.0,0.0,0.0,2.0,0.0,0.0,0,Monitor,No Major Risk Signal
A-0a62f5,Company_381,FinTech,UK,2024-09-11,partner,Pro,16,False,Active,111,3.6,4,4,0,4861,58332,303.8125,0,0,0.0,0.0,4,1.0,25,244,74890,7,20,2.0,33.5,105.0,0.0,0.0,0.0,5.0,156.45000000000002,0.0,0,Monitor,No Major Risk Signal
A-f5641b,Company_382,EdTech,US,2024-03-30,other,Pro,31,False,Active,276,9.1,10,9,1,39120,469440,1261.9354838709678,1,1,0.1,0.1,6,0.6,39,438,141649,18,27,4.0,47.5,98.0,3.0,1.0,0.25,2.0,0.0,0.0,4,Critical,High Revenue + Support Escalation
A-b44e3e,Company_383,Cybersecurity,UK,2024-02-12,ads,Basic,40,False,Active,323,10.6,7,6,1,43521,522252,1088.025,3,0,0.42857142857142855,0.0,6,0.8571428571428571,38,387,114913,13,20,3.0,40.0,75.33333333333333,4.333333333333333,0.0,0.0,1.0,0.0,0.0,4,Critical,High Revenue + Long Tenure
A-3b37d9,Company_384,FinTech,US,2023-01-27,event,Enterprise,23,False,Active,704,23.1,7,6,1,19435,233220,845.0,2,0,0.2857142857142857,0.0,6,0.8571428571428571,43,451,128119,21,26,5.0,36.0,89.8,4.5,0.0,0.0,2.0,0.0,0.0,2,Priority,Long Tenure
A-54d94a,Company_385,Cybersecurity,IN,2023-05-01,event,Basic,27,False,Active,610,20.0,11,10,1,12557,150684,465.0740740740741,1,1,0.09090909090909091,0.09090909090909091,10,0.9090909090909091,59,582,174162,28,30,4.0,53.75,82.75,3.5,0.0,0.0,0.0,0.0,0.0,2,Priority,Long Tenure
A-7f29a7,Company_386,Cybersecurity,UK,2024-09-18,event,Basic,41,True,Active,104,3.4,11,8,3,18860,226320,460.0,0,0,0.0,0.0,7,0.6363636363636364,62,619,177209,38,32,1.0,24.0,5.0,4.0,0.0,0.0,1.0,23.97,0.0,0,Monitor,No Major Risk Signal
A-089363,Company_387,FinTech,AU,2023-05-06,event,Basic,2,False,Active,605,19.9,14,12,2,21104,253248,10552.0,2,0,0.14285714285714285,0.0,8,0.5714285714285714,61,628,196491,33,30,3.0,35.0,91.33333333333333,3.6666666666666665,0.0,0.0,1.0,0.0,0.0,2,Priority,Long Tenure
A-524364,Company_388,DevTools,FR,2024-12-31,partner,Enterprise,3,False,Active,0,0.0,6,6,0,9552,114624,3184.0,0,0,0.0,0.0,6,1.0,26,237,72569,24,18,3.0,47.666666666666664,75.33333333333333,4.333333333333333,0.0,0.0,0.0,0.0,0.0,0,Monitor,No Major Risk Signal
A-855a48,Company_389,EdTech,US,2023-12-22,partner,Pro,14,True,Active,375,12.3,8,8,0,30376,364512,2169.714285714286,0,1,0.0,0.125,3,0.375,44,448,145908,16,26,5.0,39.6,122.0,3.6666666666666665,0.0,0.0,1.0,7.92,0.0,4,Critical,High Revenue + Long Tenure
A-756192,Company_390,FinTech,IN,2023-06-11,other,Basic,19,False,Active,569,18.7,10,10,0,21400,256800,1126.3157894736842,1,0,0.1,0.0,8,0.8,64,617,183585,43,32,3.0,37.333333333333336,102.33333333333333,4.0,0.0,0.0,0.0,0.0,0.0,2,Priority,Long Tenure
A-49b828,Company_391,FinTech,IN,2023-05-05,ads,Pro,6,False,Active,606,19.9,14,14,0,31108,373296,5184.666666666667,2,0,0.14285714285714285,0.0,13,0.9285714285714286,65,687,187183,45,29,3.0,13.666666666666666,87.66666666666667,3.5,1.0,0.3333333333333333,0.0,0.0,0.0,6,Critical,High Revenue + Long Tenure + Support Escalation
A-c7ffc2,Company_392,Cybersecurity,US,2023-01-27,partner,Pro,30,True,Active,704,23.1,12,12,0,36112,433344,1203.7333333333333,3,0,0.25,0.0,9,0.75,62,640,200957,28,30,2.0,64.0,86.0,3.0,0.0,0.0,2.0,174.92,0.0,4,Critical,High Revenue + Long Tenure
A-751c58,Company_393,FinTech,UK,2024-07-18,organic,Basic,15,False,Active,166,5.5,11,11,0,19597,235164,1306.4666666666667,4,0,0.36363636363636365,0.0,9,0.8181818181818182,53,574,179405,12,31,5.0,39.6,130.0,4.333333333333333,0.0,0.0,3.0,64.22,1.0,0,Monitor,No Major Risk Signal
A-72799b,Company_394,DevTools,FR,2023-11-13,event,Enterprise,20,False,Churned,414,13.6,10,9,1,17315,207780,865.75,2,1,0.2,0.1,8,0.8,56,550,154998,34,31,2.0,33.5,80.0,4.5,1.0,0.5,1.0,0.0,0.0,4,Critical,Long Tenure + Support Escalation
A-812c5b,Company_395,DevTools,CA,2024-02-25,organic,Basic,55,False,Churned,310,10.2,13,13,0,29884,358608,543.3454545454546,0,0,0.0,0.0,12,0.9230769230769231,88,866,269595,46,33,4.0,27.0,88.25,4.0,0.0,0.0,1.0,11.83,0.0,2,Priority,High Revenue
A-69b156,Company_396,EdTech,US,2023-11-21,other,Pro,7,False,Churned,406,13.3,9,7,2,14293,171516,2041.857142857143,0,2,0.0,0.2222222222222222,7,0.7777777777777778,36,360,102483,20,24,7.0,32.0,100.57142857142857,4.0,0.0,0.0,0.0,0.0,0.0,2,Priority,Long Tenure
A-075038,Company_397,HealthTech,UK,2023-05-12,ads,Basic,17,False,Active,599,19.7,14,14,0,18909,226908,1112.2941176470588,1,0,0.07142857142857142,0.0,11,0.7857142857142857,70,743,198728,31,32,2.0,43.5,54.0,3.0,0.0,0.0,1.0,6.38,0.0,2,Priority,Long Tenure
A-940b8b,Company_398,HealthTech,DE,2024-03-19,organic,Basic,1,False,Active,287,9.4,8,8,0,9640,115680,9640.0,1,1,0.125,0.125,6,0.75,35,362,121184,32,23,3.0,41.333333333333336,89.33333333333333,4.0,0.0,0.0,0.0,0.0,0.0,0,Monitor,No Major Risk Signal
A-2d1036,Company_399,FinTech,US,2024-06-14,ads,Pro,69,False,Churned,200,6.6,13,10,3,64653,775836,937.0,0,1,0.0,0.07692307692307693,10,0.7692307692307693,69,692,181335,40,31,5.0,37.8,49.0,4.6,1.0,0.2,2.0,39.09,1.0,4,Critical,High Revenue + Support Escalation
A-0f6450,Company_400,FinTech,US,2024-12-27,other,Pro,28,True,Churned,4,0.1,11,11,0,23800,285600,850.0,0,0,0.0,0.0,8,0.7272727272727273,54,539,174670,39,31,8.0,29.75,81.625,3.8333333333333335,1.0,0.125,2.0,0.0,0.0,2,Priority,Support Escalation
A-9affe6,Company_401,Cybersecurity,US,2023-03-22,other,Pro,7,False,Active,650,21.4,11,9,2,10636,127632,1519.4285714285713,2,0,0.18181818181818182,0.0,10,0.9090909090909091,47,473,144853,16,26,3.0,58.0,76.0,3.0,0.0,0.0,1.0,83.06,0.0,2,Priority,Long Tenure
A-80eeb6,Company_402,Cybersecurity,UK,2023-05-09,organic,Enterprise,22,False,Active,602,19.8,16,13,3,68489,821868,3113.1363636363635,4,1,0.25,0.0625,15,0.9375,76,725,221904,43,38,4.0,40.25,68.25,3.6666666666666665,1.0,0.25,2.0,0.0,0.0,6,Critical,High Revenue + Long Tenure + Support Escalation
A-d4e0d4,Company_403,FinTech,US,2024-10-18,other,Basic,117,False,Active,74,2.4,10,9,1,138060,1656720,1180.0,1,1,0.1,0.1,9,0.9,49,488,144771,33,30,4.0,39.25,76.25,4.0,0.0,0.0,0.0,0.0,0.0,2,Priority,High Revenue
A-c7e58b,Company_404,HealthTech,IN,2023-06-25,other,Pro,3,False,Active,555,18.2,7,7,0,5384,64608,1794.6666666666667,0,0,0.0,0.0,4,0.5714285714285714,34,343,105853,18,22,5.0,30.6,98.4,3.5,0.0,0.0,0.0,0.0,0.0,2,Priority,Long Tenure
A-016043,Company_405,EdTech,CA,2024-07-31,organic,Basic,4,True,Active,153,5.0,11,10,1,16516,198192,4129.0,3,0,0.2727272727272727,0.0,6,0.5454545454545454,47,490,132075,21,26,3.0,30.333333333333332,78.0,4.0,0.0,0.0,1.0,84.75,0.0,0,Monitor,No Major Risk Signal
A-bbe56f,Company_406,HealthTech,US,2023-02-16,ads,Enterprise,21,False,Active,684,22.5,5,5,0,6025,72300,286.9047619047619,1,0,0.2,0.0,5,1.0,22,232,60604,8,13,4.0,26.25,120.5,4.0,0.0,0.0,0.0,0.0,0.0,2,Priority,Long Tenure
A-7c5768,Company_407,HealthTech,UK,2024-03-02,event,Enterprise,3,False,Active,304,10.0,9,9,0,3389,40668,1129.6666666666667,0,0,0.0,0.0,8,0.8888888888888888,46,461,142276,31,27,5.0,28.8,96.4,4.0,0.0,0.0,0.0,0.0,0.0,0,Monitor,No Major Risk Signal
A-751bd4,Company_408,Cybersecurity,UK,2024-07-12,partner,Pro,10,False,Active,172,5.7,2,2,0,190,2280,19.0,0,0,0.0,0.0,2,1.0,10,92,32629,0,9,6.0,23.166666666666668,112.0,4.25,1.0,0.16666666666666666,1.0,0.0,0.0,2,Priority,Support Escalation
A-4e0e85,Company_409,DevTools,US,2023-09-08,organic,Enterprise,6,False,Active,480,15.8,8,8,0,4544,54528,757.3333333333334,1,0,0.125,0.0,7,0.875,31,288,80419,9,20,2.0,53.0,119.5,5.0,0.0,0.0,2.0,0.0,0.0,2,Priority,Long Tenure
A-ad3abd,Company_410,FinTech,US,2023-03-03,event,Pro,44,False,Active,669,22.0,7,4,3,16896,202752,384.0,0,0,0.0,0.0,5,0.7142857142857143,29,296,94866,11,20,3.0,13.0,70.33333333333333,3.0,0.0,0.0,1.0,0.0,0.0,2,Priority,Long Tenure
A-e19ff6,Company_411,Cybersecurity,UK,2023-07-28,partner,Enterprise,1,False,Active,522,17.1,12,12,0,4910,58920,4910.0,1,0,0.08333333333333333,0.0,7,0.5833333333333334,45,456,144844,24,26,3.0,30.666666666666668,115.0,4.666666666666667,0.0,0.0,3.0,0.0,0.0,2,Priority,Long Tenure
A-7920cc,Company_412,Cybersecurity,FR,2023-11-23,ads,Pro,39,False,Active,404,13.3,16,16,0,52089,625068,1335.6153846153845,1,0,0.0625,0.0,16,1.0,62,601,177512,28,32,7.0,32.857142857142854,113.42857142857143,4.333333333333333,0.0,0.0,0.0,0.0,0.0,4,Critical,High Revenue + Long Tenure
A-5a92e7,Company_413,HealthTech,US,2024-06-11,ads,Pro,4,False,Active,203,6.7,19,17,2,12671,152052,3167.75,0,0,0.0,0.0,15,0.7894736842105263,85,885,276337,76,37,7.0,45.0,86.14285714285714,4.4,0.0,0.0,2.0,0.0,0.0,0,Monitor,No Major Risk Signal
A-fdfc91,Company_414,Cybersecurity,US,2023-05-06,ads,Basic,29,False,Active,605,19.9,10,9,1,20612,247344,710.7586206896551,1,0,0.1,0.0,9,0.9,56,564,158143,29,32,5.0,28.8,121.0,3.6666666666666665,0.0,0.0,0.0,0.0,0.0,2,Priority,Long Tenure
A-1e50e0,Company_415,Cybersecurity,DE,2023-02-21,other,Pro,19,True,Churned,679,22.3,5,4,1,13295,159540,699.7368421052631,1,0,0.2,0.0,4,0.8,20,194,62650,15,17,2.0,20.5,143.0,5.0,1.0,0.5,2.0,54.94,0.0,4,Critical,Long Tenure + Support Escalation
A-1e1b80,Company_416,FinTech,CA,2023-09-12,other,Enterprise,50,False,Active,476,15.6,12,12,0,48647,583764,972.94,1,0,0.08333333333333333,0.0,10,0.8333333333333334,68,682,209315,47,34,6.0,43.0,67.5,3.2,0.0,0.0,3.0,0.0,0.0,4,Critical,High Revenue + Long Tenure
A-659280,Company_417,FinTech,IN,2023-11-17,event,Enterprise,13,True,Churned,410,13.5,12,12,0,21450,257400,1650.0,2,0,0.16666666666666666,0.0,3,0.25,60,613,186122,34,30,4.0,8.0,123.75,4.333333333333333,0.0,0.0,2.0,27.75,0.0,2,Priority,Long Tenure
A-f6b2fb,Company_418,DevTools,AU,2024-04-23,event,Basic,23,False,Active,252,8.3,10,8,2,23359,280308,1015.6086956521739,1,1,0.1,0.1,8,0.8,55,524,158412,37,29,5.0,55.0,88.6,4.0,1.0,0.2,1.0,0.0,0.0,2,Priority,Support Escalation
A-cb6cc6,Company_419,DevTools,US,2023-04-03,ads,Basic,13,True,Active,638,21.0,7,7,0,2622,31464,201.69230769230768,2,0,0.2857142857142857,0.0,3,0.42857142857142855,35,314,101719,26,21,3.0,16.333333333333332,131.66666666666666,3.5,0.0,0.0,0.0,0.0,0.0,2,Priority,Long Tenure
A-d62e02,Company_420,Cybersecurity,US,2024-08-20,partner,Pro,6,False,Active,133,4.4,10,10,0,21324,255888,3554.0,1,1,0.1,0.1,8,0.8,34,344,126757,23,25,1.0,36.0,31.0,4.0,0.0,0.0,0.0,0.0,0.0,0,Monitor,No Major Risk Signal
A-d535f6,Company_421,DevTools,US,2024-09-03,organic,Basic,12,True,Churned,119,3.9,9,9,0,7415,88980,617.9166666666666,1,3,0.1111111111111111,0.3333333333333333,8,0.8888888888888888,47,477,146053,29,26,0.0,0.0,0.0,0.0,0.0,0.0,2.0,0.0,0.0,0,Monitor,No Major Risk Signal
A-39868b,Company_422,FinTech,AU,2024-03-17,partner,Pro,9,False,Active,289,9.5,5,5,0,4194,50328,466.0,1,0,0.2,0.0,2,0.4,28,305,106292,21,22,6.0,39.0,100.83333333333333,4.25,0.0,0.0,2.0,0.0,1.0,0,Monitor,No Major Risk Signal
A-3cc791,Company_423,EdTech,US,2024-01-10,other,Enterprise,6,False,Active,356,11.7,8,8,0,8522,102264,1420.3333333333333,0,0,0.0,0.0,6,0.75,46,447,149032,30,28,6.0,48.333333333333336,95.83333333333333,4.25,1.0,0.16666666666666666,1.0,0.0,1.0,4,Critical,Long Tenure + Support Escalation
A-337bc1,Company_424,Cybersecurity,US,2023-07-19,organic,Pro,30,True,Active,531,17.4,7,7,0,19379,232548,645.9666666666667,2,2,0.2857142857142857,0.2857142857142857,6,0.8571428571428571,43,425,141115,34,27,4.0,32.5,62.75,4.0,1.0,0.25,2.0,0.0,0.0,4,Critical,Long Tenure + Support Escalation
A-58b9ff,Company_425,DevTools,IN,2024-05-31,partner,Enterprise,2,False,Active,214,7.0,13,12,1,22642,271704,11321.0,1,1,0.07692307692307693,0.07692307692307693,8,0.6153846153846154,65,667,200727,32,28,2.0,66.0,79.0,4.0,1.0,0.5,1.0,0.0,0.0,2,Priority,Support Escalation
A-bf7919,Company_426,HealthTech,US,2024-11-27,organic,Pro,3,False,Active,34,1.1,6,5,1,1560,18720,520.0,0,0,0.0,0.0,4,0.6666666666666666,26,262,77458,14,23,2.0,14.5,81.5,5.0,0.0,0.0,2.0,0.0,0.0,0,Monitor,No Major Risk Signal
A-1d5444,Company_427,Cybersecurity,US,2024-01-18,partner,Basic,24,False,Churned,348,11.4,14,14,0,30958,371496,1289.9166666666667,2,0,0.14285714285714285,0.0,10,0.7142857142857143,59,592,182031,35,28,2.0,30.0,62.5,4.0,0.0,0.0,1.0,0.0,0.0,4,Critical,High Revenue + Long Tenure
A-0f3e88,Company_428,HealthTech,US,2023-07-23,other,Basic,7,False,Churned,527,17.3,11,10,1,5624,67488,803.4285714285714,2,0,0.18181818181818182,0.0,8,0.7272727272727273,59,598,176630,28,32,3.0,48.0,67.0,4.5,0.0,0.0,1.0,0.0,0.0,2,Priority,Long Tenure
A-7641d3,Company_429,EdTech,US,2023-02-16,partner,Pro,8,True,Churned,684,22.5,11,11,0,12060,144720,1507.5,0,1,0.0,0.09090909090909091,8,0.7272727272727273,50,519,164755,26,28,5.0,45.2,124.6,4.333333333333333,2.0,0.4,2.0,131.39999999999998,0.0,4,Critical,Long Tenure + Support Escalation
A-cd458b,Company_430,DevTools,US,2024-06-15,other,Basic,10,True,Active,199,6.5,15,14,1,43291,519492,4329.1,0,1,0.0,0.06666666666666667,13,0.8666666666666667,84,864,266624,45,34,5.0,38.4,81.2,4.6,0.0,0.0,1.0,0.0,0.0,2,Priority,High Revenue
A-c16b88,Company_431,HealthTech,US,2023-12-02,event,Enterprise,23,False,Active,395,13.0,9,8,1,20338,244056,884.2608695652174,2,0,0.2222222222222222,0.0,6,0.6666666666666666,48,457,154959,24,28,3.0,48.333333333333336,137.66666666666666,3.0,0.0,0.0,1.0,0.0,0.0,2,Priority,Long Tenure
A-59f724,Company_432,HealthTech,US,2023-11-03,other,Enterprise,3,True,Active,424,13.9,12,12,0,9773,117276,3257.6666666666665,2,0,0.16666666666666666,0.0,9,0.75,68,696,221691,47,33,4.0,19.25,94.5,4.25,0.0,0.0,0.0,0.0,0.0,2,Priority,Long Tenure
A-87aa7b,Company_433,HealthTech,US,2024-05-16,organic,Pro,24,True,Active,229,7.5,16,16,0,22881,274572,953.375,4,2,0.25,0.125,13,0.8125,72,742,210545,35,31,3.0,27.333333333333332,72.66666666666667,0.0,1.0,0.3333333333333333,3.0,136.0,0.0,2,Priority,Support Escalation
A-1e6fc3,Company_434,EdTech,FR,2023-12-06,other,Pro,1,False,Active,391,12.8,4,3,1,444,5328,444.0,0,0,0.0,0.0,4,1.0,26,244,85274,19,19,5.0,23.8,88.6,3.6666666666666665,0.0,0.0,1.0,0.0,0.0,2,Priority,Long Tenure
A-39ddf4,Company_435,EdTech,US,2024-12-05,partner,Enterprise,40,False,Active,26,0.9,9,8,1,35836,430032,895.9,0,0,0.0,0.0,7,0.7777777777777778,46,455,139654,36,27,5.0,23.0,76.2,4.25,0.0,0.0,1.0,0.0,0.0,2,Priority,High Revenue
A-34ea2f,Company_436,HealthTech,US,2024-08-15,organic,Enterprise,8,False,Churned,138,4.5,12,10,2,14583,174996,1822.875,3,0,0.25,0.0,8,0.6666666666666666,57,550,175157,30,29,8.0,35.25,65.625,3.8,0.0,0.0,2.0,1.85,0.0,0,Monitor,No Major Risk Signal
A-716841,Company_437,FinTech,US,2024-05-06,other,Pro,45,False,Active,239,7.9,8,8,0,26234,314808,582.9777777777778,0,0,0.0,0.0,8,1.0,34,344,111161,13,26,5.0,29.8,112.8,4.0,0.0,0.0,1.0,0.0,0.0,0,Monitor,No Major Risk Signal
A-558c72,Company_438,FinTech,US,2023-06-01,organic,Basic,12,False,Active,579,19.0,7,6,1,9171,110052,764.25,1,0,0.14285714285714285,0.0,6,0.8571428571428571,30,296,83537,16,19,4.0,64.25,79.25,4.5,1.0,0.25,1.0,43.01,0.0,4,Critical,Long Tenure + Support Escalation
A-b11cd0,Company_439,DevTools,US,2023-01-20,ads,Pro,26,True,Churned,711,23.4,6,4,2,4806,57672,184.84615384615384,0,0,0.0,0.0,6,1.0,29,278,85711,16,21,4.0,38.5,140.75,4.0,0.0,0.0,0.0,0.0,0.0,2,Priority,Long Tenure
A-cc1d8d,Company_440,FinTech,US,2024-12-08,other,Pro,5,False,Active,23,0.8,13,13,0,8947,107364,1789.4,1,1,0.07692307692307693,0.07692307692307693,11,0.8461538461538461,63,618,204365,48,33,5.0,30.2,99.2,4.5,0.0,0.0,2.0,217.22,0.0,0,Monitor,No Major Risk Signal
A-7f4db3,Company_441,FinTech,US,2023-03-05,other,Pro,4,False,Active,667,21.9,15,12,3,26276,315312,6569.0,0,1,0.0,0.06666666666666667,13,0.8666666666666667,90,844,278000,46,36,5.0,16.6,91.4,3.25,1.0,0.2,1.0,0.0,0.0,4,Critical,Long Tenure + Support Escalation
A-db5e9e,Company_442,DevTools,US,2024-11-09,partner,Basic,4,False,Active,52,1.7,8,7,1,9251,111012,2312.75,0,1,0.0,0.125,6,0.75,57,586,170855,27,29,2.0,66.0,97.5,5.0,0.0,0.0,1.0,0.0,0.0,0,Monitor,No Major Risk Signal
A-cc102e,Company_443,HealthTech,US,2024-04-15,partner,Enterprise,13,False,Active,260,8.5,10,9,1,10063,120756,774.0769230769231,1,0,0.1,0.0,8,0.8,43,394,121564,39,26,4.0,33.25,109.0,4.333333333333333,0.0,0.0,3.0,111.16,0.0,0,Monitor,No Major Risk Signal
A-82d8a6,Company_444,Cybersecurity,UK,2024-11-28,ads,Basic,5,False,Active,33,1.1,17,13,4,27966,335592,5593.2,5,2,0.29411764705882354,0.11764705882352941,15,0.8823529411764706,70,661,198538,38,32,5.0,42.2,112.0,3.5,0.0,0.0,1.0,0.0,0.0,0,Monitor,No Major Risk Signal
A-dec005,Company_445,HealthTech,US,2023-10-13,partner,Pro,21,False,Active,445,14.6,10,9,1,30744,368928,1464.0,1,0,0.1,0.0,7,0.7,51,475,145213,44,31,2.0,59.0,152.0,3.0,0.0,0.0,1.0,0.0,0.0,4,Critical,High Revenue + Long Tenure
A-5790f4,Company_446,FinTech,UK,2024-12-22,event,Pro,1,True,Active,9,0.3,6,5,1,18926,227112,18926.0,0,0,0.0,0.0,3,0.5,35,321,95888,26,25,4.0,44.0,57.25,4.0,1.0,0.25,3.0,444.1,0.0,2,Priority,Support Escalation
A-7c83a1,Company_447,Cybersecurity,US,2024-05-06,partner,Pro,12,False,Active,239,7.9,12,9,3,16731,200772,1394.25,0,1,0.0,0.08333333333333333,11,0.9166666666666666,62,632,203509,23,29,4.0,42.0,86.25,4.0,0.0,0.0,1.0,0.0,0.0,0,Monitor,No Major Risk Signal
A-297a2d,Company_448,HealthTech,UK,2023-05-05,event,Pro,27,False,Active,606,19.9,5,5,0,14373,172476,532.3333333333334,3,0,0.6,0.0,4,0.8,25,244,70412,22,23,2.0,32.5,84.5,3.0,0.0,0.0,0.0,0.0,0.0,2,Priority,Long Tenure
A-4c56c9,Company_449,FinTech,US,2023-12-20,partner,Enterprise,9,False,Churned,377,12.4,13,10,3,30471,365652,3385.6666666666665,0,0,0.0,0.0,10,0.7692307692307693,64,623,195927,38,34,5.0,38.6,68.2,3.75,0.0,0.0,1.0,44.23,0.0,4,Critical,High Revenue + Long Tenure
A-cbbe12,Company_450,Cybersecurity,DE,2023-03-22,partner,Enterprise,40,False,Active,650,21.4,6,4,2,13081,156972,327.025,1,1,0.16666666666666666,0.16666666666666666,5,0.8333333333333334,22,178,49983,10,14,6.0,38.0,74.5,4.25,0.0,0.0,0.0,0.0,0.0,2,Priority,Long Tenure
A-4a267b,Company_451,FinTech,US,2024-05-05,other,Pro,25,False,Active,240,7.9,10,8,2,29687,356244,1187.48,1,1,0.1,0.1,9,0.9,50,498,150984,22,31,4.0,16.25,105.0,4.333333333333333,0.0,0.0,1.0,64.54,0.0,2,Priority,High Revenue
A-bcbe98,Company_452,Cybersecurity,US,2024-07-29,other,Enterprise,46,False,Active,155,5.1,11,11,0,21666,259992,471.0,2,1,0.18181818181818182,0.09090909090909091,9,0.8181818181818182,65,635,173619,43,34,7.0,38.285714285714285,61.57142857142857,4.0,1.0,0.14285714285714285,1.0,0.0,0.0,2,Priority,Support Escalation
A-427b69,Company_453,FinTech,US,2024-08-23,other,Basic,17,False,Active,130,4.3,10,9,1,19958,239496,1174.0,0,0,0.0,0.0,7,0.7,70,698,215804,36,32,2.0,31.5,109.5,3.0,0.0,0.0,0.0,0.0,0.0,0,Monitor,No Major Risk Signal
A-0be015,Company_454,FinTech,US,2024-10-15,event,Pro,19,False,Active,77,2.5,5,4,1,1178,14136,62.0,0,0,0.0,0.0,3,0.6,28,297,88205,13,19,7.0,40.285714285714285,84.85714285714286,4.2,1.0,0.14285714285714285,1.0,74.68,0.0,2,Priority,Support Escalation
A-054577,Company_455,EdTech,UK,2024-04-28,ads,Basic,2,False,Active,247,8.1,16,15,1,44601,535212,22300.5,1,1,0.0625,0.0625,14,0.875,85,833,219747,52,36,1.0,46.0,70.0,4.0,0.0,0.0,0.0,0.0,0.0,2,Priority,High Revenue
A-bc87bc,Company_456,FinTech,US,2024-07-17,event,Pro,3,False,Active,167,5.5,8,6,2,12032,144384,4010.6666666666665,0,0,0.0,0.0,8,1.0,36,394,135160,14,24,7.0,40.57142857142857,112.0,3.75,0.0,0.0,0.0,0.0,0.0,0,Monitor,No Major Risk Signal
A-0f7d77,Company_457,FinTech,IN,2024-10-28,partner,Pro,3,False,Active,64,2.1,6,5,1,2326,27912,775.3333333333334,0,0,0.0,0.0,3,0.5,30,298,93933,19,23,5.0,27.2,74.6,5.0,0.0,0.0,1.0,0.0,1.0,0,Monitor,No Major Risk Signal
A-e7beab,Company_458,EdTech,DE,2023-10-20,organic,Enterprise,5,False,Active,438,14.4,7,4,3,11332,135984,2266.4,0,0,0.0,0.0,7,1.0,36,373,131074,17,22,6.0,36.666666666666664,124.66666666666667,4.0,0.0,0.0,1.0,0.0,0.0,2,Priority,Long Tenure
A-a09355,Company_459,FinTech,US,2024-08-10,organic,Basic,14,False,Active,143,4.7,16,15,1,34140,409680,2438.5714285714284,0,1,0.0,0.0625,14,0.875,78,788,217064,47,33,5.0,32.6,66.6,4.0,0.0,0.0,2.0,135.11,0.0,2,Priority,High Revenue
A-31ab9a,Company_460,FinTech,DE,2024-03-03,organic,Pro,3,False,Active,303,10.0,7,7,0,15802,189624,5267.333333333333,0,0,0.0,0.0,6,0.8571428571428571,34,340,129917,23,19,7.0,43.142857142857146,67.71428571428571,3.5,0.0,0.0,2.0,0.0,1.0,0,Monitor,No Major Risk Signal
A-0158bb,Company_461,FinTech,DE,2024-05-22,partner,Basic,5,False,Active,223,7.3,6,6,0,4070,48840,814.0,1,0,0.16666666666666666,0.0,5,0.8333333333333334,36,364,122051,22,19,1.0,32.0,50.0,3.0,0.0,0.0,0.0,0.0,0.0,0,Monitor,No Major Risk Signal
A-f19b24,Company_462,Cybersecurity,US,2023-01-10,organic,Pro,29,True,Active,721,23.7,3,3,0,2523,30276,87.0,0,0,0.0,0.0,3,1.0,12,119,46012,10,12,2.0,35.5,74.0,4.0,1.0,0.5,0.0,0.0,0.0,4,Critical,Long Tenure + Support Escalation
A-798a3f,Company_463,DevTools,FR,2023-10-19,other,Enterprise,12,False,Churned,439,14.4,9,7,2,14152,169824,1179.3333333333333,1,0,0.1111111111111111,0.0,7,0.7777777777777778,37,352,105146,19,19,5.0,33.0,45.2,4.0,0.0,0.0,1.0,0.0,0.0,2,Priority,Long Tenure
A-42b791,Company_464,FinTech,AU,2024-05-20,event,Pro,3,False,Active,225,7.4,7,6,1,19060,228720,6353.333333333333,0,0,0.0,0.0,4,0.5714285714285714,32,312,84693,6,19,3.0,33.666666666666664,72.0,4.0,0.0,0.0,0.0,0.0,0.0,0,Monitor,No Major Risk Signal
A-068fc6,Company_465,EdTech,US,2023-07-17,event,Enterprise,35,False,Active,533,17.5,10,9,1,29085,349020,831.0,1,0,0.1,0.0,9,0.9,59,598,189037,29,32,5.0,38.8,121.4,4.333333333333333,0.0,0.0,0.0,0.0,0.0,4,Critical,High Revenue + Long Tenure
A-6f50ae,Company_466,FinTech,US,2023-09-21,partner,Pro,19,False,Churned,467,15.3,14,14,0,26608,319296,1400.421052631579,0,1,0.0,0.07142857142857142,9,0.6428571428571429,83,811,240012,48,35,5.0,31.0,87.4,4.5,0.0,0.0,2.0,0.0,1.0,2,Priority,Long Tenure
A-a2485e,Company_467,FinTech,US,2024-08-04,event,Pro,3,True,Active,149,4.9,6,6,0,8775,105300,2925.0,0,1,0.0,0.16666666666666666,4,0.6666666666666666,28,317,102647,13,22,0.0,0.0,0.0,0.0,0.0,0.0,0.0,0.0,0.0,0,Monitor,No Major Risk Signal
A-bb1eaa,Company_468,Cybersecurity,US,2024-06-11,organic,Basic,21,False,Active,203,6.7,5,5,0,10381,124572,494.3333333333333,0,1,0.0,0.2,5,1.0,17,164,45337,7,15,6.0,23.5,92.33333333333333,4.5,0.0,0.0,1.0,0.0,0.0,0,Monitor,No Major Risk Signal
A-cc98bc,Company_469,DevTools,US,2023-05-24,ads,Basic,32,False,Active,587,19.3,10,9,1,21567,258804,673.96875,1,0,0.1,0.0,9,0.9,53,551,160470,24,29,3.0,4.666666666666667,122.33333333333333,4.0,0.0,0.0,0.0,0.0,0.0,2,Priority,Long Tenure
A-d77f4c,Company_470,DevTools,US,2023-09-25,partner,Pro,4,True,Active,463,15.2,14,12,2,48726,584712,12181.5,4,1,0.2857142857142857,0.07142857142857142,11,0.7857142857142857,62,617,182046,32,31,2.0,31.0,75.0,4.0,0.0,0.0,3.0,0.0,0.0,4,Critical,High Revenue + Long Tenure
A-ccabf0,Company_471,HealthTech,IN,2023-11-06,organic,Pro,1,False,Active,421,13.8,10,8,2,22379,268548,22379.0,0,1,0.0,0.1,9,0.9,50,506,169088,29,31,4.0,46.25,89.75,3.6666666666666665,0.0,0.0,2.0,0.0,0.0,2,Priority,Long Tenure
A-700ade,Company_472,Cybersecurity,UK,2024-10-31,organic,Enterprise,1,True,Active,61,2.0,8,6,2,16875,202500,16875.0,0,0,0.0,0.0,5,0.625,29,284,85381,18,20,4.0,30.25,53.5,4.666666666666667,0.0,0.0,0.0,0.0,0.0,0,Monitor,No Major Risk Signal
A-4a4c2d,Company_473,DevTools,US,2023-05-02,event,Enterprise,54,False,Active,609,20.0,13,12,1,33966,407592,629.0,1,1,0.07692307692307693,0.07692307692307693,10,0.7692307692307693,59,587,164208,37,28,5.0,42.0,104.0,4.25,0.0,0.0,0.0,0.0,0.0,4,Critical,High Revenue + Long Tenure
A-b7ef83,Company_474,Cybersecurity,UK,2024-05-29,partner,Pro,1,True,Active,216,7.1,15,14,1,35868,430416,35868.0,2,0,0.13333333333333333,0.0,10,0.6666666666666666,72,738,216777,39,34,2.0,47.5,79.0,4.0,0.0,0.0,2.0,60.25,1.0,2,Priority,High Revenue
A-e08cd3,Company_475,FinTech,US,2024-09-21,ads,Pro,67,True,Active,101,3.3,11,10,1,71020,852240,1060.0,0,1,0.0,0.09090909090909091,7,0.6363636363636364,43,432,138064,21,30,8.0,30.375,93.0,4.0,0.0,0.0,2.0,0.0,0.0,2,Priority,High Revenue
A-19b2c8,Company_476,DevTools,IN,2023-06-06,other,Pro,20,False,Active,574,18.9,13,13,0,26703,320436,1335.15,1,0,0.07692307692307693,0.0,9,0.6923076923076923,63,601,188401,34,31,3.0,29.333333333333332,90.0,4.666666666666667,0.0,0.0,1.0,0.0,0.0,2,Priority,Long Tenure
A-970c97,Company_477,HealthTech,DE,2024-03-01,other,Enterprise,14,False,Active,305,10.0,8,7,1,15381,184572,1098.642857142857,0,1,0.0,0.125,4,0.5,44,444,133732,24,26,1.0,61.0,139.0,5.0,0.0,0.0,0.0,0.0,0.0,0,Monitor,No Major Risk Signal
A-6dee43,Company_478,FinTech,UK,2023-08-12,other,Basic,3,True,Active,507,16.7,11,10,1,22770,273240,7590.0,1,0,0.09090909090909091,0.0,8,0.7272727272727273,48,461,142536,11,28,5.0,44.2,48.8,4.333333333333333,0.0,0.0,1.0,143.8,0.0,2,Priority,Long Tenure
A-5ed98d,Company_479,DevTools,US,2024-06-22,partner,Basic,24,False,Active,192,6.3,8,8,0,15478,185736,644.9166666666666,1,0,0.125,0.0,7,0.875,32,312,90314,18,23,5.0,35.8,91.8,5.0,0.0,0.0,2.0,0.0,0.0,0,Monitor,No Major Risk Signal
A-c58f49,Company_480,EdTech,US,2024-07-31,other,Enterprise,70,True,Active,153,5.0,7,7,0,70980,851760,1014.0,1,0,0.14285714285714285,0.0,7,1.0,38,363,108540,22,24,3.0,36.333333333333336,60.0,5.0,1.0,0.3333333333333333,3.0,159.96,0.0,4,Critical,High Revenue + Support Escalation
A-9c18c4,Company_481,HealthTech,US,2023-07-27,ads,Pro,11,False,Churned,523,17.2,10,8,2,17823,213876,1620.2727272727273,3,0,0.3,0.0,9,0.9,56,556,178453,37,30,4.0,42.25,130.25,4.0,0.0,0.0,0.0,0.0,0.0,2,Priority,Long Tenure
A-cc8c8f,Company_482,DevTools,US,2024-06-16,ads,Enterprise,23,False,Active,198,6.5,7,6,1,15600,187200,678.2608695652174,1,1,0.14285714285714285,0.14285714285714285,6,0.8571428571428571,28,268,66983,18,20,2.0,14.5,123.0,3.5,0.0,0.0,1.0,0.0,0.0,0,Monitor,No Major Risk Signal
A-5f7781,Company_483,DevTools,US,2024-08-20,other,Pro,22,False,Active,133,4.4,5,5,0,10252,123024,466.0,1,0,0.2,0.0,4,0.8,18,183,69505,10,16,2.0,28.5,42.0,4.0,0.0,0.0,1.0,0.0,0.0,0,Monitor,No Major Risk Signal
A-e1b9cd,Company_484,DevTools,US,2023-02-26,event,Pro,40,False,Churned,674,22.1,15,12,3,37042,444504,926.05,0,3,0.0,0.2,10,0.6666666666666666,80,840,243616,47,34,1.0,35.0,115.0,3.0,0.0,0.0,1.0,0.0,0.0,4,Critical,High Revenue + Long Tenure
A-ac85cd,Company_485,EdTech,US,2024-07-31,partner,Enterprise,53,False,Active,153,5.0,12,9,3,41267,495204,778.622641509434,1,2,0.08333333333333333,0.16666666666666666,11,0.9166666666666666,63,634,176002,29,30,3.0,33.666666666666664,76.33333333333333,3.5,0.0,0.0,2.0,186.32999999999998,1.0,2,Priority,High Revenue
A-d792a6,Company_486,DevTools,US,2023-01-23,organic,Enterprise,4,False,Active,708,23.3,15,14,1,23049,276588,5762.25,1,1,0.06666666666666667,0.06666666666666667,14,0.9333333333333333,68,690,203395,40,32,5.0,40.6,97.8,4.0,0.0,0.0,2.0,0.0,0.0,2,Priority,Long Tenure
A-ac9111,Company_487,HealthTech,US,2023-08-12,event,Pro,21,True,Active,507,16.7,16,14,2,26626,319512,1267.904761904762,0,1,0.0,0.0625,14,0.875,83,808,254330,46,36,3.0,24.666666666666668,89.66666666666667,5.0,0.0,0.0,1.0,0.0,0.0,2,Priority,Long Tenure
A-18793f,Company_488,EdTech,US,2024-12-18,organic,Basic,148,True,Active,13,0.4,11,10,1,78588,943056,531.0,1,0,0.09090909090909091,0.0,9,0.8181818181818182,48,486,168310,20,30,5.0,45.2,101.6,3.8,0.0,0.0,1.0,25.41,0.0,2,Priority,High Revenue
A-9f0b68,Company_489,EdTech,US,2024-04-28,ads,Basic,10,False,Active,247,8.1,12,12,0,28518,342216,2851.8,2,1,0.16666666666666666,0.08333333333333333,9,0.75,70,709,194123,33,36,3.0,30.333333333333332,96.33333333333333,3.0,0.0,0.0,2.0,0.0,0.0,0,Monitor,No Major Risk Signal
A-d3c88e,Company_490,DevTools,US,2024-10-18,event,Pro,16,False,Active,74,2.4,13,13,0,26183,314196,1636.4375,3,0,0.23076923076923078,0.0,9,0.6923076923076923,64,644,204483,48,33,3.0,58.0,48.0,4.0,0.0,0.0,1.0,0.0,0.0,0,Monitor,No Major Risk Signal
A-ccb686,Company_491,DevTools,US,2024-01-22,other,Basic,10,False,Active,344,11.3,12,11,1,21541,258492,2154.1,4,1,0.3333333333333333,0.08333333333333333,8,0.6666666666666666,70,721,203848,46,35,1.0,67.0,30.0,4.0,0.0,0.0,3.0,25.92,0.0,2,Priority,Long Tenure
A-118f1c,Company_492,Cybersecurity,US,2024-10-31,other,Pro,32,False,Active,61,2.0,8,6,2,52160,625920,1630.0,0,0,0.0,0.0,5,0.625,38,369,96816,14,22,1.0,64.0,141.0,3.0,0.0,0.0,1.0,0.0,0.0,2,Priority,High Revenue
A-0e966d,Company_493,FinTech,IN,2024-06-25,ads,Basic,11,False,Churned,189,6.2,11,10,1,12445,149340,1131.3636363636363,0,0,0.0,0.0,9,0.8181818181818182,64,636,197685,34,31,3.0,31.666666666666668,95.33333333333333,4.5,1.0,0.3333333333333333,0.0,0.0,0.0,2,Priority,Support Escalation
A-b9f5b1,Company_494,Cybersecurity,US,2023-01-24,other,Pro,15,True,Active,707,23.2,7,6,1,7072,84864,471.46666666666664,0,0,0.0,0.0,5,0.7142857142857143,30,307,90576,12,21,6.0,31.833333333333332,75.66666666666667,3.3333333333333335,1.0,0.16666666666666666,1.0,0.0,0.0,4,Critical,Long Tenure + Support Escalation
A-8ae3fc,Company_495,DevTools,CA,2024-06-28,ads,Pro,9,False,Active,186,6.1,8,8,0,4447,53364,494.1111111111111,0,0,0.0,0.0,8,1.0,39,402,130242,30,26,4.0,39.5,65.5,3.5,0.0,0.0,1.0,0.0,0.0,0,Monitor,No Major Risk Signal
A-55f257,Company_496,FinTech,US,2023-12-21,organic,Basic,9,False,Active,376,12.4,10,10,0,12137,145644,1348.5555555555557,3,0,0.3,0.0,8,0.8,53,476,145972,25,31,6.0,43.166666666666664,114.5,5.0,0.0,0.0,0.0,0.0,0.0,2,Priority,Long Tenure
A-d26ab4,Company_497,DevTools,UK,2024-11-07,organic,Basic,9,False,Churned,54,1.8,9,8,1,16613,199356,1845.888888888889,0,1,0.0,0.1111111111111111,7,0.7777777777777778,46,458,121379,24,24,2.0,49.5,110.0,4.0,0.0,0.0,1.0,86.02,0.0,0,Monitor,No Major Risk Signal
A-712533,Company_498,EdTech,US,2023-07-31,organic,Pro,18,False,Active,519,17.0,12,12,0,19382,232584,1076.7777777777778,1,0,0.08333333333333333,0.0,11,0.9166666666666666,55,571,180056,35,32,5.0,37.4,97.2,3.75,0.0,0.0,1.0,0.0,0.0,2,Priority,Long Tenure
A-781cc0,Company_499,EdTech,US,2024-09-04,organic,Pro,12,False,Active,118,3.9,16,14,2,18315,219780,1526.25,2,0,0.125,0.0,11,0.6875,87,864,270008,42,31,4.0,57.5,106.0,3.6666666666666665,0.0,0.0,2.0,0.0,0.0,0,Monitor,No Major Risk Signal
